solid Visualization Toolkit generated SLA File
 facet normal 0.99962028499643962 0.027555141510012142 -4.9428520270063954e-18
  outer loop
   vertex -0.89999997615814209 7.1752154344466881e-17 -0.099999994039535522
   vertex -0.89999997615814209 -7.1752154344466881e-17 -0.89999997615814209
   vertex -0.9004555344581604 0.016526328399777412 -0.099999994039535522
  endloop
 endfacet
 facet normal 0.99962028499643962 0.027555141510011899 -0
  outer loop
   vertex -0.89999997615814209 -7.1752154344466881e-17 -0.89999997615814209
   vertex -0.9004555344581604 0.016526328399777412 -0.89999997615814209
   vertex -0.9004555344581604 0.016526328399777412 -0.099999994039535522
  endloop
 endfacet
 facet normal 0.99658452931523056 0.082578907291997197 -0
  outer loop
   vertex -0.9004555344581604 0.016526328399777412 -0.099999994039535522
   vertex -0.9004555344581604 0.016526328399777412 -0.89999997615814209
   vertex -0.90182077884674072 0.033002465963363647 -0.099999994039535522
  endloop
 endfacet
 facet normal 0.99658452931523056 0.082578907291997197 -0
  outer loop
   vertex -0.9004555344581604 0.016526328399777412 -0.89999997615814209
   vertex -0.90182077884674072 0.033002465963363647 -0.89999997615814209
   vertex -0.90182077884674072 0.033002465963363647 -0.099999994039535522
  endloop
 endfacet
 facet normal 0.99052203836389563 0.13735389151907257 -0
  outer loop
   vertex -0.90182077884674072 0.033002465963363647 -0.099999994039535522
   vertex -0.90182077884674072 0.033002465963363647 -0.89999997615814209
   vertex -0.90409159660339355 0.049378376454114914 -0.099999994039535522
  endloop
 endfacet
 facet normal 0.99052203836389563 0.13735389151907257 -0
  outer loop
   vertex -0.90182077884674072 0.033002465963363647 -0.89999997615814209
   vertex -0.90409159660339355 0.049378376454114914 -0.89999997615814209
   vertex -0.90409159660339355 0.049378376454114914 -0.099999994039535522
  endloop
 endfacet
 facet normal 0.98145148996379361 0.19171064875965921 -0
  outer loop
   vertex -0.90409159660339355 0.049378376454114914 -0.099999994039535522
   vertex -0.90409159660339355 0.049378376454114914 -0.89999997615814209
   vertex -0.90726107358932495 0.065604329109191895 -0.099999994039535522
  endloop
 endfacet
 facet normal 0.98145148996379361 0.19171064875965921 -0
  outer loop
   vertex -0.90409159660339355 0.049378376454114914 -0.89999997615814209
   vertex -0.90726107358932495 0.065604329109191895 -0.89999997615814209
   vertex -0.90726107358932495 0.065604329109191895 -0.099999994039535522
  endloop
 endfacet
 facet normal 0.96939990675170606 0.24548690553629071 -0
  outer loop
   vertex -0.90726107358932495 0.065604329109191895 -0.099999994039535522
   vertex -0.90726107358932495 0.065604329109191895 -0.89999997615814209
   vertex -0.91131961345672607 0.081631042063236237 -0.099999994039535522
  endloop
 endfacet
 facet normal 0.96939990675170606 0.24548690553629071 -0
  outer loop
   vertex -0.90726107358932495 0.065604329109191895 -0.89999997615814209
   vertex -0.91131961345672607 0.081631042063236237 -0.89999997615814209
   vertex -0.91131961345672607 0.081631042063236237 -0.099999994039535522
  endloop
 endfacet
 facet normal 0.95440539687642312 0.29851354812329223 -0
  outer loop
   vertex -0.91131961345672607 0.081631042063236237 -0.099999994039535522
   vertex -0.91131961345672607 0.081631042063236237 -0.89999997615814209
   vertex -0.91625481843948364 0.097409844398498535 -0.099999994039535522
  endloop
 endfacet
 facet normal 0.95440539687642312 0.29851354812329223 -0
  outer loop
   vertex -0.91131961345672607 0.081631042063236237 -0.89999997615814209
   vertex -0.91625481843948364 0.097409844398498535 -0.89999997615814209
   vertex -0.91625481843948364 0.097409844398498535 -0.099999994039535522
  endloop
 endfacet
 facet normal 0.93651090242962753 0.35063845999896359 -0
  outer loop
   vertex -0.91625481843948364 0.097409844398498535 -0.099999994039535522
   vertex -0.91625481843948364 0.097409844398498535 -0.89999997615814209
   vertex -0.92205178737640381 0.11289281398057938 -0.099999994039535522
  endloop
 endfacet
 facet normal 0.93651090242962753 0.35063845999896359 -0
  outer loop
   vertex -0.91625481843948364 0.097409844398498535 -0.89999997615814209
   vertex -0.92205178737640381 0.11289281398057938 -0.89999997615814209
   vertex -0.92205178737640381 0.11289281398057938 -0.099999994039535522
  endloop
 endfacet
 facet normal 0.91577297191255447 0.40169623338344596 -0
  outer loop
   vertex -0.92205178737640381 0.11289281398057938 -0.099999994039535522
   vertex -0.92205178737640381 0.11289281398057938 -0.89999997615814209
   vertex -0.92869287729263306 0.12803293764591217 -0.099999994039535522
  endloop
 endfacet
 facet normal 0.91577297191255447 0.40169623338344596 -0
  outer loop
   vertex -0.92205178737640381 0.11289281398057938 -0.89999997615814209
   vertex -0.92869287729263306 0.12803293764591217 -0.89999997615814209
   vertex -0.92869287729263306 0.12803293764591217 -0.099999994039535522
  endloop
 endfacet
 facet normal 0.89225465144677563 0.45153254253884401 -0
  outer loop
   vertex -0.92869287729263306 0.12803293764591217 -0.099999994039535522
   vertex -0.92869287729263306 0.12803293764591217 -0.89999997615814209
   vertex -0.93615788221359253 0.14278422296047211 -0.099999994039535522
  endloop
 endfacet
 facet normal 0.89225465144677563 0.45153254253884401 -0
  outer loop
   vertex -0.92869287729263306 0.12803293764591217 -0.89999997615814209
   vertex -0.93615788221359253 0.14278422296047211 -0.89999997615814209
   vertex -0.93615788221359253 0.14278422296047211 -0.099999994039535522
  endloop
 endfacet
 facet normal 0.86602611019594089 0.49999877645739121 -0
  outer loop
   vertex -0.93615788221359253 0.14278422296047211 -0.099999994039535522
   vertex -0.93615788221359253 0.14278422296047211 -0.89999997615814209
   vertex -0.94442415237426758 0.15710186958312988 -0.099999994039535522
  endloop
 endfacet
 facet normal 0.86602611019594089 0.49999877645739121 -0
  outer loop
   vertex -0.93615788221359253 0.14278422296047211 -0.89999997615814209
   vertex -0.94442415237426758 0.15710186958312988 -0.89999997615814209
   vertex -0.94442415237426758 0.15710186958312988 -0.099999994039535522
  endloop
 endfacet
 facet normal 0.83716579831892723 0.5469491988521723 -0
  outer loop
   vertex -0.94442415237426758 0.15710186958312988 -0.099999994039535522
   vertex -0.94442415237426758 0.15710186958312988 -0.89999997615814209
   vertex -0.95346665382385254 0.17094241082668304 -0.099999994039535522
  endloop
 endfacet
 facet normal 0.83716579831892723 0.5469491988521723 -0
  outer loop
   vertex -0.94442415237426758 0.15710186958312988 -0.89999997615814209
   vertex -0.95346665382385254 0.17094241082668304 -0.89999997615814209
   vertex -0.95346665382385254 0.17094241082668304 -0.099999994039535522
  endloop
 endfacet
 facet normal 0.80576506698828476 0.59223530528107238 -0
  outer loop
   vertex -0.95346665382385254 0.17094241082668304 -0.099999994039535522
   vertex -0.95346665382385254 0.17094241082668304 -0.89999997615814209
   vertex -0.96325784921646118 0.18426381051540375 -0.099999994039535522
  endloop
 endfacet
 facet normal 0.80576506698828476 0.59223530528107238 -0
  outer loop
   vertex -0.95346665382385254 0.17094241082668304 -0.89999997615814209
   vertex -0.96325784921646118 0.18426381051540375 -0.89999997615814209
   vertex -0.96325784921646118 0.18426381051540375 -0.099999994039535522
  endloop
 endfacet
 facet normal 0.7719175389297932 0.63572266995331483 -0
  outer loop
   vertex -0.96325784921646118 0.18426381051540375 -0.099999994039535522
   vertex -0.96325784921646118 0.18426381051540375 -0.89999997615814209
   vertex -0.97376799583435059 0.1970256119966507 -0.099999994039535522
  endloop
 endfacet
 facet normal 0.7719175389297932 0.63572266995331483 -0
  outer loop
   vertex -0.96325784921646118 0.18426381051540375 -0.89999997615814209
   vertex -0.97376799583435059 0.1970256119966507 -0.89999997615814209
   vertex -0.97376799583435059 0.1970256119966507 -0.099999994039535522
  endloop
 endfacet
 facet normal 0.73572263182156716 0.67728296082623141 -0
  outer loop
   vertex -0.97376799583435059 0.1970256119966507 -0.099999994039535522
   vertex -0.97376799583435059 0.1970256119966507 -0.89999997615814209
   vertex -0.98496526479721069 0.2091890424489975 -0.099999994039535522
  endloop
 endfacet
 facet normal 0.73572263182156716 0.67728296082623141 -0
  outer loop
   vertex -0.97376799583435059 0.1970256119966507 -0.89999997615814209
   vertex -0.98496526479721069 0.2091890424489975 -0.89999997615814209
   vertex -0.98496526479721069 0.2091890424489975 -0.099999994039535522
  endloop
 endfacet
 facet normal 0.69729819568287943 0.71678115648878538 -0
  outer loop
   vertex -0.98496526479721069 0.2091890424489975 -0.099999994039535522
   vertex -0.98496526479721069 0.2091890424489975 -0.89999997615814209
   vertex -0.99681550264358521 0.2207171767950058 -0.099999994039535522
  endloop
 endfacet
 facet normal 0.69729819568287943 0.71678115648878538 -0
  outer loop
   vertex -0.98496526479721069 0.2091890424489975 -0.89999997615814209
   vertex -0.99681550264358521 0.2207171767950058 -0.89999997615814209
   vertex -0.99681550264358521 0.2207171767950058 -0.099999994039535522
  endloop
 endfacet
 facet normal 0.65675263807947049 0.75410607501574733 -0
  outer loop
   vertex -0.99681550264358521 0.2207171767950058 -0.099999994039535522
   vertex -0.99681550264358521 0.2207171767950058 -0.89999997615814209
   vertex -1.0092828273773193 0.23157499730587006 -0.099999994039535522
  endloop
 endfacet
 facet normal 0.65675263807947049 0.75410607501574733 -0
  outer loop
   vertex -0.99681550264358521 0.2207171767950058 -0.89999997615814209
   vertex -1.0092828273773193 0.23157499730587006 -0.89999997615814209
   vertex -1.0092828273773193 0.23157499730587006 -0.099999994039535522
  endloop
 endfacet
 facet normal 0.61421032786611152 0.78914236557328721 -0
  outer loop
   vertex -1.0092828273773193 0.23157499730587006 -0.099999994039535522
   vertex -1.0092828273773193 0.23157499730587006 -0.89999997615814209
   vertex -1.0223294496536255 0.24172952771186829 -0.099999994039535522
  endloop
 endfacet
 facet normal 0.61421032786611152 0.78914236557328721 -0
  outer loop
   vertex -1.0092828273773193 0.23157499730587006 -0.89999997615814209
   vertex -1.0223294496536255 0.24172952771186829 -0.89999997615814209
   vertex -1.0223294496536255 0.24172952771186829 -0.099999994039535522
  endloop
 endfacet
 facet normal 0.56981096583863589 0.82177579862760675 -0
  outer loop
   vertex -1.0223294496536255 0.24172952771186829 -0.099999994039535522
   vertex -1.0223294496536255 0.24172952771186829 -0.89999997615814209
   vertex -1.0359154939651489 0.25114995241165161 -0.099999994039535522
  endloop
 endfacet
 facet normal 0.56981096583863589 0.82177579862760675 -0
  outer loop
   vertex -1.0223294496536255 0.24172952771186829 -0.89999997615814209
   vertex -1.0359154939651489 0.25114995241165161 -0.89999997615814209
   vertex -1.0359154939651489 0.25114995241165161 -0.099999994039535522
  endloop
 endfacet
 facet normal 0.52367202261443824 0.85191995676290111 -0
  outer loop
   vertex -1.0359154939651489 0.25114995241165161 -0.099999994039535522
   vertex -1.0359154939651489 0.25114995241165161 -0.89999997615814209
   vertex -1.0499999523162842 0.25980761647224426 -0.099999994039535522
  endloop
 endfacet
 facet normal 0.52367202261443824 0.85191995676290111 -0
  outer loop
   vertex -1.0359154939651489 0.25114995241165161 -0.89999997615814209
   vertex -1.0499999523162842 0.25980761647224426 -0.89999997615814209
   vertex -1.0499999523162842 0.25980761647224426 -0.099999994039535522
  endloop
 endfacet
 facet normal 0.47594513813492734 0.87947497149476905 -0
  outer loop
   vertex -1.0499999523162842 0.25980761647224426 -0.099999994039535522
   vertex -1.0499999523162842 0.25980761647224426 -0.89999997615814209
   vertex -1.0645400285720825 0.26767626404762268 -0.099999994039535522
  endloop
 endfacet
 facet normal 0.47594513813492734 0.87947497149476905 -0
  outer loop
   vertex -1.0499999523162842 0.25980761647224426 -0.89999997615814209
   vertex -1.0645400285720825 0.26767626404762268 -0.89999997615814209
   vertex -1.0645400285720825 0.26767626404762268 -0.099999994039535522
  endloop
 endfacet
 facet normal 0.42677733683003544 0.90435673534743044 -0
  outer loop
   vertex -1.0645400285720825 0.26767626404762268 -0.099999994039535522
   vertex -1.0645400285720825 0.26767626404762268 -0.89999997615814209
   vertex -1.0794913768768311 0.27473199367523193 -0.099999994039535522
  endloop
 endfacet
 facet normal 0.42677733683003544 0.90435673534743044 -0
  outer loop
   vertex -1.0645400285720825 0.26767626404762268 -0.89999997615814209
   vertex -1.0794913768768311 0.27473199367523193 -0.89999997615814209
   vertex -1.0794913768768311 0.27473199367523193 -0.099999994039535522
  endloop
 endfacet
 facet normal 0.37631070631685942 0.92649352523981865 -0
  outer loop
   vertex -1.0794913768768311 0.27473199367523193 -0.099999994039535522
   vertex -1.0794913768768311 0.27473199367523193 -0.89999997615814209
   vertex -1.0948086977005005 0.28095337748527527 -0.099999994039535522
  endloop
 endfacet
 facet normal 0.37631070631685942 0.92649352523981865 -0
  outer loop
   vertex -1.0794913768768311 0.27473199367523193 -0.89999997615814209
   vertex -1.0948086977005005 0.28095337748527527 -0.89999997615814209
   vertex -1.0948086977005005 0.28095337748527527 -0.099999994039535522
  endloop
 endfacet
 facet normal 0.32469907457898251 0.94581737717571701 -0
  outer loop
   vertex -1.0948086977005005 0.28095337748527527 -0.099999994039535522
   vertex -1.0948086977005005 0.28095337748527527 -0.89999997615814209
   vertex -1.110445499420166 0.2863214910030365 -0.099999994039535522
  endloop
 endfacet
 facet normal 0.32469907457898251 0.94581737717571701 -0
  outer loop
   vertex -1.0948086977005005 0.28095337748527527 -0.89999997615814209
   vertex -1.110445499420166 0.2863214910030365 -0.89999997615814209
   vertex -1.110445499420166 0.2863214910030365 -0.099999994039535522
  endloop
 endfacet
 facet normal 0.27210404652260262 0.96226783582640085 -0
  outer loop
   vertex -1.110445499420166 0.2863214910030365 -0.099999994039535522
   vertex -1.110445499420166 0.2863214910030365 -0.89999997615814209
   vertex -1.1263543367385864 0.29082009196281433 -0.099999994039535522
  endloop
 endfacet
 facet normal 0.27210404652260262 0.96226783582640085 -0
  outer loop
   vertex -1.110445499420166 0.2863214910030365 -0.89999997615814209
   vertex -1.1263543367385864 0.29082009196281433 -0.89999997615814209
   vertex -1.1263543367385864 0.29082009196281433 -0.099999994039535522
  endloop
 endfacet
 facet normal 0.21867979201287635 0.97579667378260981 -0
  outer loop
   vertex -1.1263543367385864 0.29082009196281433 -0.099999994039535522
   vertex -1.1263543367385864 0.29082009196281433 -0.89999997615814209
   vertex -1.1424868106842041 0.29443544149398804 -0.099999994039535522
  endloop
 endfacet
 facet normal 0.21867979201287635 0.97579667378260981 -0
  outer loop
   vertex -1.1263543367385864 0.29082009196281433 -0.89999997615814209
   vertex -1.1424868106842041 0.29443544149398804 -0.89999997615814209
   vertex -1.1424868106842041 0.29443544149398804 -0.099999994039535522
  endloop
 endfacet
 facet normal 0.1645954230494224 0.98636116443784505 -0
  outer loop
   vertex -1.1424868106842041 0.29443544149398804 -0.099999994039535522
   vertex -1.1424868106842041 0.29443544149398804 -0.89999997615814209
   vertex -1.1587939262390137 0.29715663194656372 -0.099999994039535522
  endloop
 endfacet
 facet normal 0.1645954230494224 0.98636116443784505 -0
  outer loop
   vertex -1.1424868106842041 0.29443544149398804 -0.89999997615814209
   vertex -1.1587939262390137 0.29715663194656372 -0.89999997615814209
   vertex -1.1587939262390137 0.29715663194656372 -0.099999994039535522
  endloop
 endfacet
 facet normal 0.11000772049302064 0.99393073271326571 -0
  outer loop
   vertex -1.1587939262390137 0.29715663194656372 -0.099999994039535522
   vertex -1.1587939262390137 0.29715663194656372 -0.89999997615814209
   vertex -1.1752262115478516 0.29897534847259521 -0.099999994039535522
  endloop
 endfacet
 facet normal 0.11000772049302064 0.99393073271326571 -0
  outer loop
   vertex -1.1587939262390137 0.29715663194656372 -0.89999997615814209
   vertex -1.1752262115478516 0.29897534847259521 -0.89999997615814209
   vertex -1.1752262115478516 0.29897534847259521 -0.099999994039535522
  endloop
 endfacet
 facet normal 0.055086835565728007 0.9984815674549804 -0
  outer loop
   vertex -1.1752262115478516 0.29897534847259521 -0.099999994039535522
   vertex -1.1752262115478516 0.29897534847259521 -0.89999997615814209
   vertex -1.191733717918396 0.2998860776424408 -0.099999994039535522
  endloop
 endfacet
 facet normal 0.055086835565728007 0.9984815674549804 -0
  outer loop
   vertex -1.1752262115478516 0.29897534847259521 -0.89999997615814209
   vertex -1.191733717918396 0.2998860776424408 -0.89999997615814209
   vertex -1.191733717918396 0.2998860776424408 -0.099999994039535522
  endloop
 endfacet
 facet normal 0 1 -0
  outer loop
   vertex -1.191733717918396 0.2998860776424408 -0.099999994039535522
   vertex -1.191733717918396 0.2998860776424408 -0.89999997615814209
   vertex -1.2082662582397461 0.2998860776424408 -0.099999994039535522
  endloop
 endfacet
 facet normal 0 1 0
  outer loop
   vertex -1.191733717918396 0.2998860776424408 -0.89999997615814209
   vertex -1.2082662582397461 0.2998860776424408 -0.89999997615814209
   vertex -1.2082662582397461 0.2998860776424408 -0.099999994039535522
  endloop
 endfacet
 facet normal -0.055086835565728007 0.9984815674549804 0
  outer loop
   vertex -1.2082662582397461 0.2998860776424408 -0.099999994039535522
   vertex -1.2082662582397461 0.2998860776424408 -0.89999997615814209
   vertex -1.2247737646102905 0.29897534847259521 -0.099999994039535522
  endloop
 endfacet
 facet normal -0.055086835565728007 0.9984815674549804 0
  outer loop
   vertex -1.2082662582397461 0.2998860776424408 -0.89999997615814209
   vertex -1.2247737646102905 0.29897534847259521 -0.89999997615814209
   vertex -1.2247737646102905 0.29897534847259521 -0.099999994039535522
  endloop
 endfacet
 facet normal -0.11000772049302064 0.99393073271326571 0
  outer loop
   vertex -1.2247737646102905 0.29897534847259521 -0.099999994039535522
   vertex -1.2247737646102905 0.29897534847259521 -0.89999997615814209
   vertex -1.2412060499191284 0.29715663194656372 -0.099999994039535522
  endloop
 endfacet
 facet normal -0.11000772049302064 0.99393073271326571 0
  outer loop
   vertex -1.2247737646102905 0.29897534847259521 -0.89999997615814209
   vertex -1.2412060499191284 0.29715663194656372 -0.89999997615814209
   vertex -1.2412060499191284 0.29715663194656372 -0.099999994039535522
  endloop
 endfacet
 facet normal -0.1645954230494224 0.98636116443784505 0
  outer loop
   vertex -1.2412060499191284 0.29715663194656372 -0.099999994039535522
   vertex -1.2412060499191284 0.29715663194656372 -0.89999997615814209
   vertex -1.257513165473938 0.29443544149398804 -0.099999994039535522
  endloop
 endfacet
 facet normal -0.1645954230494224 0.98636116443784505 0
  outer loop
   vertex -1.2412060499191284 0.29715663194656372 -0.89999997615814209
   vertex -1.257513165473938 0.29443544149398804 -0.89999997615814209
   vertex -1.257513165473938 0.29443544149398804 -0.099999994039535522
  endloop
 endfacet
 facet normal -0.21867979201287635 0.97579667378260981 0
  outer loop
   vertex -1.257513165473938 0.29443544149398804 -0.099999994039535522
   vertex -1.257513165473938 0.29443544149398804 -0.89999997615814209
   vertex -1.2736456394195557 0.29082009196281433 -0.099999994039535522
  endloop
 endfacet
 facet normal -0.21867979201287635 0.97579667378260981 0
  outer loop
   vertex -1.257513165473938 0.29443544149398804 -0.89999997615814209
   vertex -1.2736456394195557 0.29082009196281433 -0.89999997615814209
   vertex -1.2736456394195557 0.29082009196281433 -0.099999994039535522
  endloop
 endfacet
 facet normal -0.27210404652260262 0.96226783582640085 0
  outer loop
   vertex -1.2736456394195557 0.29082009196281433 -0.099999994039535522
   vertex -1.2736456394195557 0.29082009196281433 -0.89999997615814209
   vertex -1.2895544767379761 0.2863214910030365 -0.099999994039535522
  endloop
 endfacet
 facet normal -0.27210404652260262 0.96226783582640085 0
  outer loop
   vertex -1.2736456394195557 0.29082009196281433 -0.89999997615814209
   vertex -1.2895544767379761 0.2863214910030365 -0.89999997615814209
   vertex -1.2895544767379761 0.2863214910030365 -0.099999994039535522
  endloop
 endfacet
 facet normal -0.32469907457898251 0.94581737717571701 0
  outer loop
   vertex -1.2895544767379761 0.2863214910030365 -0.099999994039535522
   vertex -1.2895544767379761 0.2863214910030365 -0.89999997615814209
   vertex -1.3051912784576416 0.28095337748527527 -0.099999994039535522
  endloop
 endfacet
 facet normal -0.32469907457898251 0.94581737717571701 0
  outer loop
   vertex -1.2895544767379761 0.2863214910030365 -0.89999997615814209
   vertex -1.3051912784576416 0.28095337748527527 -0.89999997615814209
   vertex -1.3051912784576416 0.28095337748527527 -0.099999994039535522
  endloop
 endfacet
 facet normal -0.37631070631685942 0.92649352523981865 0
  outer loop
   vertex -1.3051912784576416 0.28095337748527527 -0.099999994039535522
   vertex -1.3051912784576416 0.28095337748527527 -0.89999997615814209
   vertex -1.320508599281311 0.27473199367523193 -0.099999994039535522
  endloop
 endfacet
 facet normal -0.37631070631685942 0.92649352523981865 0
  outer loop
   vertex -1.3051912784576416 0.28095337748527527 -0.89999997615814209
   vertex -1.320508599281311 0.27473199367523193 -0.89999997615814209
   vertex -1.320508599281311 0.27473199367523193 -0.099999994039535522
  endloop
 endfacet
 facet normal -0.42677733683003544 0.90435673534743044 0
  outer loop
   vertex -1.320508599281311 0.27473199367523193 -0.099999994039535522
   vertex -1.320508599281311 0.27473199367523193 -0.89999997615814209
   vertex -1.3354599475860596 0.26767626404762268 -0.099999994039535522
  endloop
 endfacet
 facet normal -0.42677733683003544 0.90435673534743044 0
  outer loop
   vertex -1.320508599281311 0.27473199367523193 -0.89999997615814209
   vertex -1.3354599475860596 0.26767626404762268 -0.89999997615814209
   vertex -1.3354599475860596 0.26767626404762268 -0.099999994039535522
  endloop
 endfacet
 facet normal -0.47594513813492734 0.87947497149476905 0
  outer loop
   vertex -1.3354599475860596 0.26767626404762268 -0.099999994039535522
   vertex -1.3354599475860596 0.26767626404762268 -0.89999997615814209
   vertex -1.3500000238418579 0.25980761647224426 -0.099999994039535522
  endloop
 endfacet
 facet normal -0.47594513813492734 0.87947497149476905 0
  outer loop
   vertex -1.3354599475860596 0.26767626404762268 -0.89999997615814209
   vertex -1.3500000238418579 0.25980761647224426 -0.89999997615814209
   vertex -1.3500000238418579 0.25980761647224426 -0.099999994039535522
  endloop
 endfacet
 facet normal -0.52367202261443824 0.85191995676290111 0
  outer loop
   vertex -1.3500000238418579 0.25980761647224426 -0.099999994039535522
   vertex -1.3500000238418579 0.25980761647224426 -0.89999997615814209
   vertex -1.3640844821929932 0.25114995241165161 -0.099999994039535522
  endloop
 endfacet
 facet normal -0.52367202261443824 0.85191995676290111 0
  outer loop
   vertex -1.3500000238418579 0.25980761647224426 -0.89999997615814209
   vertex -1.3640844821929932 0.25114995241165161 -0.89999997615814209
   vertex -1.3640844821929932 0.25114995241165161 -0.099999994039535522
  endloop
 endfacet
 facet normal -0.56981096583863589 0.82177579862760675 0
  outer loop
   vertex -1.3640844821929932 0.25114995241165161 -0.099999994039535522
   vertex -1.3640844821929932 0.25114995241165161 -0.89999997615814209
   vertex -1.3776705265045166 0.24172952771186829 -0.099999994039535522
  endloop
 endfacet
 facet normal -0.56981096583863589 0.82177579862760675 0
  outer loop
   vertex -1.3640844821929932 0.25114995241165161 -0.89999997615814209
   vertex -1.3776705265045166 0.24172952771186829 -0.89999997615814209
   vertex -1.3776705265045166 0.24172952771186829 -0.099999994039535522
  endloop
 endfacet
 facet normal -0.61421032786611152 0.78914236557328721 0
  outer loop
   vertex -1.3776705265045166 0.24172952771186829 -0.099999994039535522
   vertex -1.3776705265045166 0.24172952771186829 -0.89999997615814209
   vertex -1.3907171487808228 0.23157499730587006 -0.099999994039535522
  endloop
 endfacet
 facet normal -0.61421032786611152 0.78914236557328721 0
  outer loop
   vertex -1.3776705265045166 0.24172952771186829 -0.89999997615814209
   vertex -1.3907171487808228 0.23157499730587006 -0.89999997615814209
   vertex -1.3907171487808228 0.23157499730587006 -0.099999994039535522
  endloop
 endfacet
 facet normal -0.65675442363873848 0.75410451996453942 0
  outer loop
   vertex -1.3907171487808228 0.23157499730587006 -0.099999994039535522
   vertex -1.3907171487808228 0.23157499730587006 -0.89999997615814209
   vertex -1.4031844139099121 0.2207171767950058 -0.099999994039535522
  endloop
 endfacet
 facet normal -0.65675442363873848 0.75410451996453942 0
  outer loop
   vertex -1.3907171487808228 0.23157499730587006 -0.89999997615814209
   vertex -1.4031844139099121 0.2207171767950058 -0.89999997615814209
   vertex -1.4031844139099121 0.2207171767950058 -0.099999994039535522
  endloop
 endfacet
 facet normal -0.69729459177608377 0.71678466241949168 0
  outer loop
   vertex -1.4031844139099121 0.2207171767950058 -0.099999994039535522
   vertex -1.4031844139099121 0.2207171767950058 -0.89999997615814209
   vertex -1.4150347709655762 0.2091890424489975 -0.099999994039535522
  endloop
 endfacet
 facet normal -0.69729459177608377 0.71678466241949168 0
  outer loop
   vertex -1.4031844139099121 0.2207171767950058 -0.89999997615814209
   vertex -1.4150347709655762 0.2091890424489975 -0.89999997615814209
   vertex -1.4150347709655762 0.2091890424489975 -0.099999994039535522
  endloop
 endfacet
 facet normal -0.73572442830345819 0.67728100932888247 0
  outer loop
   vertex -1.4150347709655762 0.2091890424489975 -0.099999994039535522
   vertex -1.4150347709655762 0.2091890424489975 -0.89999997615814209
   vertex -1.4262319803237915 0.1970256119966507 -0.099999994039535522
  endloop
 endfacet
 facet normal -0.73572442830345819 0.67728100932888247 0
  outer loop
   vertex -1.4150347709655762 0.2091890424489975 -0.89999997615814209
   vertex -1.4262319803237915 0.1970256119966507 -0.89999997615814209
   vertex -1.4262319803237915 0.1970256119966507 -0.099999994039535522
  endloop
 endfacet
 facet normal -0.77191576972798692 0.63572481817626836 0
  outer loop
   vertex -1.4262319803237915 0.1970256119966507 -0.099999994039535522
   vertex -1.4262319803237915 0.1970256119966507 -0.89999997615814209
   vertex -1.4367421865463257 0.18426381051540375 -0.099999994039535522
  endloop
 endfacet
 facet normal -0.77191576972798692 0.63572481817626836 0
  outer loop
   vertex -1.4262319803237915 0.1970256119966507 -0.89999997615814209
   vertex -1.4367421865463257 0.18426381051540375 -0.89999997615814209
   vertex -1.4367421865463257 0.18426381051540375 -0.099999994039535522
  endloop
 endfacet
 facet normal -0.80576678743599739 0.59223296452078078 0
  outer loop
   vertex -1.4367421865463257 0.18426381051540375 -0.099999994039535522
   vertex -1.4367421865463257 0.18426381051540375 -0.89999997615814209
   vertex -1.4465333223342896 0.17094241082668304 -0.099999994039535522
  endloop
 endfacet
 facet normal -0.80576678743599739 0.59223296452078078 0
  outer loop
   vertex -1.4367421865463257 0.18426381051540375 -0.89999997615814209
   vertex -1.4465333223342896 0.17094241082668304 -0.89999997615814209
   vertex -1.4465333223342896 0.17094241082668304 -0.099999994039535522
  endloop
 endfacet
 facet normal -0.83716579831892723 0.5469491988521723 0
  outer loop
   vertex -1.4465333223342896 0.17094241082668304 -0.099999994039535522
   vertex -1.4465333223342896 0.17094241082668304 -0.89999997615814209
   vertex -1.4555758237838745 0.15710186958312988 -0.099999994039535522
  endloop
 endfacet
 facet normal -0.83716579831892723 0.5469491988521723 0
  outer loop
   vertex -1.4465333223342896 0.17094241082668304 -0.89999997615814209
   vertex -1.4555758237838745 0.15710186958312988 -0.89999997615814209
   vertex -1.4555758237838745 0.15710186958312988 -0.099999994039535522
  endloop
 endfacet
 facet normal -0.86602454906342419 0.5000014804173013 0
  outer loop
   vertex -1.4555758237838745 0.15710186958312988 -0.099999994039535522
   vertex -1.4555758237838745 0.15710186958312988 -0.89999997615814209
   vertex -1.4638421535491943 0.14278422296047211 -0.099999994039535522
  endloop
 endfacet
 facet normal -0.86602454906342419 0.5000014804173013 0
  outer loop
   vertex -1.4555758237838745 0.15710186958312988 -0.89999997615814209
   vertex -1.4638421535491943 0.14278422296047211 -0.89999997615814209
   vertex -1.4638421535491943 0.14278422296047211 -0.099999994039535522
  endloop
 endfacet
 facet normal -0.89225465144677563 0.45153254253884401 0
  outer loop
   vertex -1.4638421535491943 0.14278422296047211 -0.099999994039535522
   vertex -1.4638421535491943 0.14278422296047211 -0.89999997615814209
   vertex -1.4713071584701538 0.12803293764591217 -0.099999994039535522
  endloop
 endfacet
 facet normal -0.89225465144677563 0.45153254253884401 0
  outer loop
   vertex -1.4638421535491943 0.14278422296047211 -0.89999997615814209
   vertex -1.4713071584701538 0.12803293764591217 -0.89999997615814209
   vertex -1.4713071584701538 0.12803293764591217 -0.099999994039535522
  endloop
 endfacet
 facet normal -0.91577429815547529 0.40169320984782236 0
  outer loop
   vertex -1.4713071584701538 0.12803293764591217 -0.099999994039535522
   vertex -1.4713071584701538 0.12803293764591217 -0.89999997615814209
   vertex -1.4779481887817383 0.11289281398057938 -0.099999994039535522
  endloop
 endfacet
 facet normal -0.91577429815547529 0.40169320984782236 0
  outer loop
   vertex -1.4713071584701538 0.12803293764591217 -0.89999997615814209
   vertex -1.4779481887817383 0.11289281398057938 -0.89999997615814209
   vertex -1.4779481887817383 0.11289281398057938 -0.099999994039535522
  endloop
 endfacet
 facet normal -0.93650971853655829 0.35064162201110188 0
  outer loop
   vertex -1.4779481887817383 0.11289281398057938 -0.099999994039535522
   vertex -1.4779481887817383 0.11289281398057938 -0.89999997615814209
   vertex -1.4837452173233032 0.097409844398498535 -0.099999994039535522
  endloop
 endfacet
 facet normal -0.93650971853655829 0.35064162201110188 0
  outer loop
   vertex -1.4779481887817383 0.11289281398057938 -0.89999997615814209
   vertex -1.4837452173233032 0.097409844398498535 -0.89999997615814209
   vertex -1.4837452173233032 0.097409844398498535 -0.099999994039535522
  endloop
 endfacet
 facet normal -0.95440642402664988 0.29851026410604825 0
  outer loop
   vertex -1.4837452173233032 0.097409844398498535 -0.099999994039535522
   vertex -1.4837452173233032 0.097409844398498535 -0.89999997615814209
   vertex -1.488680362701416 0.081631042063236237 -0.099999994039535522
  endloop
 endfacet
 facet normal -0.95440642402664988 0.29851026410604825 0
  outer loop
   vertex -1.4837452173233032 0.097409844398498535 -0.89999997615814209
   vertex -1.488680362701416 0.081631042063236237 -0.89999997615814209
   vertex -1.488680362701416 0.081631042063236237 -0.099999994039535522
  endloop
 endfacet
 facet normal -0.96939904878084826 0.24549029354087859 0
  outer loop
   vertex -1.488680362701416 0.081631042063236237 -0.099999994039535522
   vertex -1.488680362701416 0.081631042063236237 -0.89999997615814209
   vertex -1.4927389621734619 0.065604329109191895 -0.099999994039535522
  endloop
 endfacet
 facet normal -0.96939904878084826 0.24549029354087859 0
  outer loop
   vertex -1.488680362701416 0.081631042063236237 -0.89999997615814209
   vertex -1.4927389621734619 0.065604329109191895 -0.89999997615814209
   vertex -1.4927389621734619 0.065604329109191895 -0.099999994039535522
  endloop
 endfacet
 facet normal -0.98145216830809423 0.19170717598290432 0
  outer loop
   vertex -1.4927389621734619 0.065604329109191895 -0.099999994039535522
   vertex -1.4927389621734619 0.065604329109191895 -0.89999997615814209
   vertex -1.4959083795547485 0.049378376454114914 -0.099999994039535522
  endloop
 endfacet
 facet normal -0.98145216830809423 0.19170717598290432 0
  outer loop
   vertex -1.4927389621734619 0.065604329109191895 -0.89999997615814209
   vertex -1.4959083795547485 0.049378376454114914 -0.89999997615814209
   vertex -1.4959083795547485 0.049378376454114914 -0.099999994039535522
  endloop
 endfacet
 facet normal -0.99052203836389563 0.13735389151907257 0
  outer loop
   vertex -1.4959083795547485 0.049378376454114914 -0.099999994039535522
   vertex -1.4959083795547485 0.049378376454114914 -0.89999997615814209
   vertex -1.4981791973114014 0.033002465963363647 -0.099999994039535522
  endloop
 endfacet
 facet normal -0.99052203836389563 0.13735389151907257 0
  outer loop
   vertex -1.4959083795547485 0.049378376454114914 -0.89999997615814209
   vertex -1.4981791973114014 0.033002465963363647 -0.89999997615814209
   vertex -1.4981791973114014 0.033002465963363647 -0.099999994039535522
  endloop
 endfacet
 facet normal -0.99658423260576945 0.082582487983650116 0
  outer loop
   vertex -1.4981791973114014 0.033002465963363647 -0.099999994039535522
   vertex -1.4981791973114014 0.033002465963363647 -0.89999997615814209
   vertex -1.4995445013046265 0.016526328399777412 -0.099999994039535522
  endloop
 endfacet
 facet normal -0.99658423260576945 0.082582487983650116 0
  outer loop
   vertex -1.4981791973114014 0.033002465963363647 -0.89999997615814209
   vertex -1.4995445013046265 0.016526328399777412 -0.89999997615814209
   vertex -1.4995445013046265 0.016526328399777412 -0.099999994039535522
  endloop
 endfacet
 facet normal -0.99962038429618727 0.027551538968682284 0
  outer loop
   vertex -1.4995445013046265 0.016526328399777412 -0.099999994039535522
   vertex -1.4995445013046265 0.016526328399777412 -0.89999997615814209
   vertex -1.5 1.0849155992202192e-16 -0.099999994039535522
  endloop
 endfacet
 facet normal -0.99962038429618738 0.027551538968682048 -4.9422059156885755e-18
  outer loop
   vertex -1.4995445013046265 0.016526328399777412 -0.89999997615814209
   vertex -1.5 -3.5012752075634296e-17 -0.89999997615814209
   vertex -1.5 1.0849155992202192e-16 -0.099999994039535522
  endloop
 endfacet
 facet normal -0.99962038429618738 -0.027551538968681927 4.942205915688554e-18
  outer loop
   vertex -1.5 1.0849155992202192e-16 -0.099999994039535522
   vertex -1.5 -3.5012752075634296e-17 -0.89999997615814209
   vertex -1.4995445013046265 -0.016526328399777412 -0.099999994039535522
  endloop
 endfacet
 facet normal -0.99962038429618738 -0.027551538968682166 0
  outer loop
   vertex -1.5 -3.5012752075634296e-17 -0.89999997615814209
   vertex -1.4995445013046265 -0.016526328399777412 -0.89999997615814209
   vertex -1.4995445013046265 -0.016526328399777412 -0.099999994039535522
  endloop
 endfacet
 facet normal -0.99658423260576945 -0.082582487983650116 0
  outer loop
   vertex -1.4995445013046265 -0.016526328399777412 -0.099999994039535522
   vertex -1.4995445013046265 -0.016526328399777412 -0.89999997615814209
   vertex -1.4981791973114014 -0.033002465963363647 -0.099999994039535522
  endloop
 endfacet
 facet normal -0.99658423260576945 -0.082582487983650116 0
  outer loop
   vertex -1.4995445013046265 -0.016526328399777412 -0.89999997615814209
   vertex -1.4981791973114014 -0.033002465963363647 -0.89999997615814209
   vertex -1.4981791973114014 -0.033002465963363647 -0.099999994039535522
  endloop
 endfacet
 facet normal -0.99052203836389563 -0.13735389151907257 0
  outer loop
   vertex -1.4981791973114014 -0.033002465963363647 -0.099999994039535522
   vertex -1.4981791973114014 -0.033002465963363647 -0.89999997615814209
   vertex -1.4959083795547485 -0.049378376454114914 -0.099999994039535522
  endloop
 endfacet
 facet normal -0.99052203836389563 -0.13735389151907257 0
  outer loop
   vertex -1.4981791973114014 -0.033002465963363647 -0.89999997615814209
   vertex -1.4959083795547485 -0.049378376454114914 -0.89999997615814209
   vertex -1.4959083795547485 -0.049378376454114914 -0.099999994039535522
  endloop
 endfacet
 facet normal -0.98145216830809423 -0.19170717598290432 0
  outer loop
   vertex -1.4959083795547485 -0.049378376454114914 -0.099999994039535522
   vertex -1.4959083795547485 -0.049378376454114914 -0.89999997615814209
   vertex -1.4927389621734619 -0.065604329109191895 -0.099999994039535522
  endloop
 endfacet
 facet normal -0.98145216830809423 -0.19170717598290432 0
  outer loop
   vertex -1.4959083795547485 -0.049378376454114914 -0.89999997615814209
   vertex -1.4927389621734619 -0.065604329109191895 -0.89999997615814209
   vertex -1.4927389621734619 -0.065604329109191895 -0.099999994039535522
  endloop
 endfacet
 facet normal -0.96939904878084826 -0.24549029354087859 0
  outer loop
   vertex -1.4927389621734619 -0.065604329109191895 -0.099999994039535522
   vertex -1.4927389621734619 -0.065604329109191895 -0.89999997615814209
   vertex -1.488680362701416 -0.081631042063236237 -0.099999994039535522
  endloop
 endfacet
 facet normal -0.96939904878084826 -0.24549029354087859 0
  outer loop
   vertex -1.4927389621734619 -0.065604329109191895 -0.89999997615814209
   vertex -1.488680362701416 -0.081631042063236237 -0.89999997615814209
   vertex -1.488680362701416 -0.081631042063236237 -0.099999994039535522
  endloop
 endfacet
 facet normal -0.95440642402664988 -0.29851026410604825 0
  outer loop
   vertex -1.488680362701416 -0.081631042063236237 -0.099999994039535522
   vertex -1.488680362701416 -0.081631042063236237 -0.89999997615814209
   vertex -1.4837452173233032 -0.097409844398498535 -0.099999994039535522
  endloop
 endfacet
 facet normal -0.95440642402664988 -0.29851026410604825 0
  outer loop
   vertex -1.488680362701416 -0.081631042063236237 -0.89999997615814209
   vertex -1.4837452173233032 -0.097409844398498535 -0.89999997615814209
   vertex -1.4837452173233032 -0.097409844398498535 -0.099999994039535522
  endloop
 endfacet
 facet normal -0.93650971853655829 -0.35064162201110188 0
  outer loop
   vertex -1.4837452173233032 -0.097409844398498535 -0.099999994039535522
   vertex -1.4837452173233032 -0.097409844398498535 -0.89999997615814209
   vertex -1.4779481887817383 -0.11289281398057938 -0.099999994039535522
  endloop
 endfacet
 facet normal -0.93650971853655829 -0.35064162201110188 0
  outer loop
   vertex -1.4837452173233032 -0.097409844398498535 -0.89999997615814209
   vertex -1.4779481887817383 -0.11289281398057938 -0.89999997615814209
   vertex -1.4779481887817383 -0.11289281398057938 -0.099999994039535522
  endloop
 endfacet
 facet normal -0.91577429815547529 -0.40169320984782236 0
  outer loop
   vertex -1.4779481887817383 -0.11289281398057938 -0.099999994039535522
   vertex -1.4779481887817383 -0.11289281398057938 -0.89999997615814209
   vertex -1.4713071584701538 -0.12803293764591217 -0.099999994039535522
  endloop
 endfacet
 facet normal -0.91577429815547529 -0.40169320984782236 0
  outer loop
   vertex -1.4779481887817383 -0.11289281398057938 -0.89999997615814209
   vertex -1.4713071584701538 -0.12803293764591217 -0.89999997615814209
   vertex -1.4713071584701538 -0.12803293764591217 -0.099999994039535522
  endloop
 endfacet
 facet normal -0.89225465144677563 -0.45153254253884401 0
  outer loop
   vertex -1.4713071584701538 -0.12803293764591217 -0.099999994039535522
   vertex -1.4713071584701538 -0.12803293764591217 -0.89999997615814209
   vertex -1.4638421535491943 -0.14278422296047211 -0.099999994039535522
  endloop
 endfacet
 facet normal -0.89225465144677563 -0.45153254253884401 0
  outer loop
   vertex -1.4713071584701538 -0.12803293764591217 -0.89999997615814209
   vertex -1.4638421535491943 -0.14278422296047211 -0.89999997615814209
   vertex -1.4638421535491943 -0.14278422296047211 -0.099999994039535522
  endloop
 endfacet
 facet normal -0.86602454906342419 -0.5000014804173013 0
  outer loop
   vertex -1.4638421535491943 -0.14278422296047211 -0.099999994039535522
   vertex -1.4638421535491943 -0.14278422296047211 -0.89999997615814209
   vertex -1.4555758237838745 -0.15710186958312988 -0.099999994039535522
  endloop
 endfacet
 facet normal -0.86602454906342419 -0.5000014804173013 0
  outer loop
   vertex -1.4638421535491943 -0.14278422296047211 -0.89999997615814209
   vertex -1.4555758237838745 -0.15710186958312988 -0.89999997615814209
   vertex -1.4555758237838745 -0.15710186958312988 -0.099999994039535522
  endloop
 endfacet
 facet normal -0.83716579831892723 -0.5469491988521723 0
  outer loop
   vertex -1.4555758237838745 -0.15710186958312988 -0.099999994039535522
   vertex -1.4555758237838745 -0.15710186958312988 -0.89999997615814209
   vertex -1.4465333223342896 -0.17094241082668304 -0.099999994039535522
  endloop
 endfacet
 facet normal -0.83716579831892723 -0.5469491988521723 0
  outer loop
   vertex -1.4555758237838745 -0.15710186958312988 -0.89999997615814209
   vertex -1.4465333223342896 -0.17094241082668304 -0.89999997615814209
   vertex -1.4465333223342896 -0.17094241082668304 -0.099999994039535522
  endloop
 endfacet
 facet normal -0.80576678743599739 -0.59223296452078078 0
  outer loop
   vertex -1.4465333223342896 -0.17094241082668304 -0.099999994039535522
   vertex -1.4465333223342896 -0.17094241082668304 -0.89999997615814209
   vertex -1.4367421865463257 -0.18426381051540375 -0.099999994039535522
  endloop
 endfacet
 facet normal -0.80576678743599739 -0.59223296452078078 0
  outer loop
   vertex -1.4465333223342896 -0.17094241082668304 -0.89999997615814209
   vertex -1.4367421865463257 -0.18426381051540375 -0.89999997615814209
   vertex -1.4367421865463257 -0.18426381051540375 -0.099999994039535522
  endloop
 endfacet
 facet normal -0.77191576972798692 -0.63572481817626836 0
  outer loop
   vertex -1.4367421865463257 -0.18426381051540375 -0.099999994039535522
   vertex -1.4367421865463257 -0.18426381051540375 -0.89999997615814209
   vertex -1.4262319803237915 -0.1970256119966507 -0.099999994039535522
  endloop
 endfacet
 facet normal -0.77191576972798692 -0.63572481817626836 0
  outer loop
   vertex -1.4367421865463257 -0.18426381051540375 -0.89999997615814209
   vertex -1.4262319803237915 -0.1970256119966507 -0.89999997615814209
   vertex -1.4262319803237915 -0.1970256119966507 -0.099999994039535522
  endloop
 endfacet
 facet normal -0.73572442830345819 -0.67728100932888247 0
  outer loop
   vertex -1.4262319803237915 -0.1970256119966507 -0.099999994039535522
   vertex -1.4262319803237915 -0.1970256119966507 -0.89999997615814209
   vertex -1.4150347709655762 -0.2091890424489975 -0.099999994039535522
  endloop
 endfacet
 facet normal -0.73572442830345819 -0.67728100932888247 0
  outer loop
   vertex -1.4262319803237915 -0.1970256119966507 -0.89999997615814209
   vertex -1.4150347709655762 -0.2091890424489975 -0.89999997615814209
   vertex -1.4150347709655762 -0.2091890424489975 -0.099999994039535522
  endloop
 endfacet
 facet normal -0.69729459177608377 -0.71678466241949168 0
  outer loop
   vertex -1.4150347709655762 -0.2091890424489975 -0.099999994039535522
   vertex -1.4150347709655762 -0.2091890424489975 -0.89999997615814209
   vertex -1.4031844139099121 -0.2207171767950058 -0.099999994039535522
  endloop
 endfacet
 facet normal -0.69729459177608377 -0.71678466241949168 0
  outer loop
   vertex -1.4150347709655762 -0.2091890424489975 -0.89999997615814209
   vertex -1.4031844139099121 -0.2207171767950058 -0.89999997615814209
   vertex -1.4031844139099121 -0.2207171767950058 -0.099999994039535522
  endloop
 endfacet
 facet normal -0.65675442363873848 -0.75410451996453942 0
  outer loop
   vertex -1.4031844139099121 -0.2207171767950058 -0.099999994039535522
   vertex -1.4031844139099121 -0.2207171767950058 -0.89999997615814209
   vertex -1.3907171487808228 -0.23157499730587006 -0.099999994039535522
  endloop
 endfacet
 facet normal -0.65675442363873848 -0.75410451996453942 0
  outer loop
   vertex -1.4031844139099121 -0.2207171767950058 -0.89999997615814209
   vertex -1.3907171487808228 -0.23157499730587006 -0.89999997615814209
   vertex -1.3907171487808228 -0.23157499730587006 -0.099999994039535522
  endloop
 endfacet
 facet normal -0.61421032786611152 -0.78914236557328721 0
  outer loop
   vertex -1.3907171487808228 -0.23157499730587006 -0.099999994039535522
   vertex -1.3907171487808228 -0.23157499730587006 -0.89999997615814209
   vertex -1.3776705265045166 -0.24172952771186829 -0.099999994039535522
  endloop
 endfacet
 facet normal -0.61421032786611152 -0.78914236557328721 0
  outer loop
   vertex -1.3907171487808228 -0.23157499730587006 -0.89999997615814209
   vertex -1.3776705265045166 -0.24172952771186829 -0.89999997615814209
   vertex -1.3776705265045166 -0.24172952771186829 -0.099999994039535522
  endloop
 endfacet
 facet normal -0.56981096583863589 -0.82177579862760675 0
  outer loop
   vertex -1.3776705265045166 -0.24172952771186829 -0.099999994039535522
   vertex -1.3776705265045166 -0.24172952771186829 -0.89999997615814209
   vertex -1.3640844821929932 -0.25114995241165161 -0.099999994039535522
  endloop
 endfacet
 facet normal -0.56981096583863589 -0.82177579862760675 0
  outer loop
   vertex -1.3776705265045166 -0.24172952771186829 -0.89999997615814209
   vertex -1.3640844821929932 -0.25114995241165161 -0.89999997615814209
   vertex -1.3640844821929932 -0.25114995241165161 -0.099999994039535522
  endloop
 endfacet
 facet normal -0.52367202261443824 -0.85191995676290111 0
  outer loop
   vertex -1.3640844821929932 -0.25114995241165161 -0.099999994039535522
   vertex -1.3640844821929932 -0.25114995241165161 -0.89999997615814209
   vertex -1.3500000238418579 -0.25980761647224426 -0.099999994039535522
  endloop
 endfacet
 facet normal -0.52367202261443824 -0.85191995676290111 0
  outer loop
   vertex -1.3640844821929932 -0.25114995241165161 -0.89999997615814209
   vertex -1.3500000238418579 -0.25980761647224426 -0.89999997615814209
   vertex -1.3500000238418579 -0.25980761647224426 -0.099999994039535522
  endloop
 endfacet
 facet normal -0.47594513813492734 -0.87947497149476905 0
  outer loop
   vertex -1.3500000238418579 -0.25980761647224426 -0.099999994039535522
   vertex -1.3500000238418579 -0.25980761647224426 -0.89999997615814209
   vertex -1.3354599475860596 -0.26767626404762268 -0.099999994039535522
  endloop
 endfacet
 facet normal -0.47594513813492734 -0.87947497149476905 0
  outer loop
   vertex -1.3500000238418579 -0.25980761647224426 -0.89999997615814209
   vertex -1.3354599475860596 -0.26767626404762268 -0.89999997615814209
   vertex -1.3354599475860596 -0.26767626404762268 -0.099999994039535522
  endloop
 endfacet
 facet normal -0.42677733683003544 -0.90435673534743044 0
  outer loop
   vertex -1.3354599475860596 -0.26767626404762268 -0.099999994039535522
   vertex -1.3354599475860596 -0.26767626404762268 -0.89999997615814209
   vertex -1.320508599281311 -0.27473199367523193 -0.099999994039535522
  endloop
 endfacet
 facet normal -0.42677733683003544 -0.90435673534743044 0
  outer loop
   vertex -1.3354599475860596 -0.26767626404762268 -0.89999997615814209
   vertex -1.320508599281311 -0.27473199367523193 -0.89999997615814209
   vertex -1.320508599281311 -0.27473199367523193 -0.099999994039535522
  endloop
 endfacet
 facet normal -0.37631070631685942 -0.92649352523981865 0
  outer loop
   vertex -1.320508599281311 -0.27473199367523193 -0.099999994039535522
   vertex -1.320508599281311 -0.27473199367523193 -0.89999997615814209
   vertex -1.3051912784576416 -0.28095337748527527 -0.099999994039535522
  endloop
 endfacet
 facet normal -0.37631070631685942 -0.92649352523981865 0
  outer loop
   vertex -1.320508599281311 -0.27473199367523193 -0.89999997615814209
   vertex -1.3051912784576416 -0.28095337748527527 -0.89999997615814209
   vertex -1.3051912784576416 -0.28095337748527527 -0.099999994039535522
  endloop
 endfacet
 facet normal -0.32469907457898251 -0.94581737717571701 0
  outer loop
   vertex -1.3051912784576416 -0.28095337748527527 -0.099999994039535522
   vertex -1.3051912784576416 -0.28095337748527527 -0.89999997615814209
   vertex -1.2895544767379761 -0.2863214910030365 -0.099999994039535522
  endloop
 endfacet
 facet normal -0.32469907457898251 -0.94581737717571701 0
  outer loop
   vertex -1.3051912784576416 -0.28095337748527527 -0.89999997615814209
   vertex -1.2895544767379761 -0.2863214910030365 -0.89999997615814209
   vertex -1.2895544767379761 -0.2863214910030365 -0.099999994039535522
  endloop
 endfacet
 facet normal -0.27210404652260262 -0.96226783582640085 0
  outer loop
   vertex -1.2895544767379761 -0.2863214910030365 -0.099999994039535522
   vertex -1.2895544767379761 -0.2863214910030365 -0.89999997615814209
   vertex -1.2736456394195557 -0.29082009196281433 -0.099999994039535522
  endloop
 endfacet
 facet normal -0.27210404652260262 -0.96226783582640085 0
  outer loop
   vertex -1.2895544767379761 -0.2863214910030365 -0.89999997615814209
   vertex -1.2736456394195557 -0.29082009196281433 -0.89999997615814209
   vertex -1.2736456394195557 -0.29082009196281433 -0.099999994039535522
  endloop
 endfacet
 facet normal -0.21867979201287635 -0.97579667378260981 0
  outer loop
   vertex -1.2736456394195557 -0.29082009196281433 -0.099999994039535522
   vertex -1.2736456394195557 -0.29082009196281433 -0.89999997615814209
   vertex -1.257513165473938 -0.29443544149398804 -0.099999994039535522
  endloop
 endfacet
 facet normal -0.21867979201287635 -0.97579667378260981 0
  outer loop
   vertex -1.2736456394195557 -0.29082009196281433 -0.89999997615814209
   vertex -1.257513165473938 -0.29443544149398804 -0.89999997615814209
   vertex -1.257513165473938 -0.29443544149398804 -0.099999994039535522
  endloop
 endfacet
 facet normal -0.1645954230494224 -0.98636116443784505 0
  outer loop
   vertex -1.257513165473938 -0.29443544149398804 -0.099999994039535522
   vertex -1.257513165473938 -0.29443544149398804 -0.89999997615814209
   vertex -1.2412060499191284 -0.29715663194656372 -0.099999994039535522
  endloop
 endfacet
 facet normal -0.1645954230494224 -0.98636116443784505 0
  outer loop
   vertex -1.257513165473938 -0.29443544149398804 -0.89999997615814209
   vertex -1.2412060499191284 -0.29715663194656372 -0.89999997615814209
   vertex -1.2412060499191284 -0.29715663194656372 -0.099999994039535522
  endloop
 endfacet
 facet normal -0.11000772049302064 -0.99393073271326571 0
  outer loop
   vertex -1.2412060499191284 -0.29715663194656372 -0.099999994039535522
   vertex -1.2412060499191284 -0.29715663194656372 -0.89999997615814209
   vertex -1.2247737646102905 -0.29897534847259521 -0.099999994039535522
  endloop
 endfacet
 facet normal -0.11000772049302064 -0.99393073271326571 0
  outer loop
   vertex -1.2412060499191284 -0.29715663194656372 -0.89999997615814209
   vertex -1.2247737646102905 -0.29897534847259521 -0.89999997615814209
   vertex -1.2247737646102905 -0.29897534847259521 -0.099999994039535522
  endloop
 endfacet
 facet normal -0.055086835565728007 -0.9984815674549804 0
  outer loop
   vertex -1.2247737646102905 -0.29897534847259521 -0.099999994039535522
   vertex -1.2247737646102905 -0.29897534847259521 -0.89999997615814209
   vertex -1.2082662582397461 -0.2998860776424408 -0.099999994039535522
  endloop
 endfacet
 facet normal -0.055086835565728007 -0.9984815674549804 0
  outer loop
   vertex -1.2247737646102905 -0.29897534847259521 -0.89999997615814209
   vertex -1.2082662582397461 -0.2998860776424408 -0.89999997615814209
   vertex -1.2082662582397461 -0.2998860776424408 -0.099999994039535522
  endloop
 endfacet
 facet normal 0 -1 0
  outer loop
   vertex -1.2082662582397461 -0.2998860776424408 -0.099999994039535522
   vertex -1.2082662582397461 -0.2998860776424408 -0.89999997615814209
   vertex -1.191733717918396 -0.2998860776424408 -0.099999994039535522
  endloop
 endfacet
 facet normal 0 -1 0
  outer loop
   vertex -1.2082662582397461 -0.2998860776424408 -0.89999997615814209
   vertex -1.191733717918396 -0.2998860776424408 -0.89999997615814209
   vertex -1.191733717918396 -0.2998860776424408 -0.099999994039535522
  endloop
 endfacet
 facet normal 0.055086835565728007 -0.9984815674549804 0
  outer loop
   vertex -1.191733717918396 -0.2998860776424408 -0.099999994039535522
   vertex -1.191733717918396 -0.2998860776424408 -0.89999997615814209
   vertex -1.1752262115478516 -0.29897534847259521 -0.099999994039535522
  endloop
 endfacet
 facet normal 0.055086835565728007 -0.9984815674549804 0
  outer loop
   vertex -1.191733717918396 -0.2998860776424408 -0.89999997615814209
   vertex -1.1752262115478516 -0.29897534847259521 -0.89999997615814209
   vertex -1.1752262115478516 -0.29897534847259521 -0.099999994039535522
  endloop
 endfacet
 facet normal 0.11000772049302064 -0.99393073271326571 0
  outer loop
   vertex -1.1752262115478516 -0.29897534847259521 -0.099999994039535522
   vertex -1.1752262115478516 -0.29897534847259521 -0.89999997615814209
   vertex -1.1587939262390137 -0.29715663194656372 -0.099999994039535522
  endloop
 endfacet
 facet normal 0.11000772049302064 -0.99393073271326571 0
  outer loop
   vertex -1.1752262115478516 -0.29897534847259521 -0.89999997615814209
   vertex -1.1587939262390137 -0.29715663194656372 -0.89999997615814209
   vertex -1.1587939262390137 -0.29715663194656372 -0.099999994039535522
  endloop
 endfacet
 facet normal 0.1645954230494224 -0.98636116443784505 0
  outer loop
   vertex -1.1587939262390137 -0.29715663194656372 -0.099999994039535522
   vertex -1.1587939262390137 -0.29715663194656372 -0.89999997615814209
   vertex -1.1424868106842041 -0.29443544149398804 -0.099999994039535522
  endloop
 endfacet
 facet normal 0.1645954230494224 -0.98636116443784505 0
  outer loop
   vertex -1.1587939262390137 -0.29715663194656372 -0.89999997615814209
   vertex -1.1424868106842041 -0.29443544149398804 -0.89999997615814209
   vertex -1.1424868106842041 -0.29443544149398804 -0.099999994039535522
  endloop
 endfacet
 facet normal 0.21867979201287635 -0.97579667378260981 0
  outer loop
   vertex -1.1424868106842041 -0.29443544149398804 -0.099999994039535522
   vertex -1.1424868106842041 -0.29443544149398804 -0.89999997615814209
   vertex -1.1263543367385864 -0.29082009196281433 -0.099999994039535522
  endloop
 endfacet
 facet normal 0.21867979201287635 -0.97579667378260981 0
  outer loop
   vertex -1.1424868106842041 -0.29443544149398804 -0.89999997615814209
   vertex -1.1263543367385864 -0.29082009196281433 -0.89999997615814209
   vertex -1.1263543367385864 -0.29082009196281433 -0.099999994039535522
  endloop
 endfacet
 facet normal 0.27210404652260262 -0.96226783582640085 0
  outer loop
   vertex -1.1263543367385864 -0.29082009196281433 -0.099999994039535522
   vertex -1.1263543367385864 -0.29082009196281433 -0.89999997615814209
   vertex -1.110445499420166 -0.2863214910030365 -0.099999994039535522
  endloop
 endfacet
 facet normal 0.27210404652260262 -0.96226783582640085 0
  outer loop
   vertex -1.1263543367385864 -0.29082009196281433 -0.89999997615814209
   vertex -1.110445499420166 -0.2863214910030365 -0.89999997615814209
   vertex -1.110445499420166 -0.2863214910030365 -0.099999994039535522
  endloop
 endfacet
 facet normal 0.32469907457898251 -0.94581737717571701 0
  outer loop
   vertex -1.110445499420166 -0.2863214910030365 -0.099999994039535522
   vertex -1.110445499420166 -0.2863214910030365 -0.89999997615814209
   vertex -1.0948086977005005 -0.28095337748527527 -0.099999994039535522
  endloop
 endfacet
 facet normal 0.32469907457898251 -0.94581737717571701 0
  outer loop
   vertex -1.110445499420166 -0.2863214910030365 -0.89999997615814209
   vertex -1.0948086977005005 -0.28095337748527527 -0.89999997615814209
   vertex -1.0948086977005005 -0.28095337748527527 -0.099999994039535522
  endloop
 endfacet
 facet normal 0.37631070631685942 -0.92649352523981865 0
  outer loop
   vertex -1.0948086977005005 -0.28095337748527527 -0.099999994039535522
   vertex -1.0948086977005005 -0.28095337748527527 -0.89999997615814209
   vertex -1.0794913768768311 -0.27473199367523193 -0.099999994039535522
  endloop
 endfacet
 facet normal 0.37631070631685942 -0.92649352523981865 0
  outer loop
   vertex -1.0948086977005005 -0.28095337748527527 -0.89999997615814209
   vertex -1.0794913768768311 -0.27473199367523193 -0.89999997615814209
   vertex -1.0794913768768311 -0.27473199367523193 -0.099999994039535522
  endloop
 endfacet
 facet normal 0.42677733683003544 -0.90435673534743044 0
  outer loop
   vertex -1.0794913768768311 -0.27473199367523193 -0.099999994039535522
   vertex -1.0794913768768311 -0.27473199367523193 -0.89999997615814209
   vertex -1.0645400285720825 -0.26767626404762268 -0.099999994039535522
  endloop
 endfacet
 facet normal 0.42677733683003544 -0.90435673534743044 0
  outer loop
   vertex -1.0794913768768311 -0.27473199367523193 -0.89999997615814209
   vertex -1.0645400285720825 -0.26767626404762268 -0.89999997615814209
   vertex -1.0645400285720825 -0.26767626404762268 -0.099999994039535522
  endloop
 endfacet
 facet normal 0.47594513813492734 -0.87947497149476905 0
  outer loop
   vertex -1.0645400285720825 -0.26767626404762268 -0.099999994039535522
   vertex -1.0645400285720825 -0.26767626404762268 -0.89999997615814209
   vertex -1.0499999523162842 -0.25980761647224426 -0.099999994039535522
  endloop
 endfacet
 facet normal 0.47594513813492734 -0.87947497149476905 0
  outer loop
   vertex -1.0645400285720825 -0.26767626404762268 -0.89999997615814209
   vertex -1.0499999523162842 -0.25980761647224426 -0.89999997615814209
   vertex -1.0499999523162842 -0.25980761647224426 -0.099999994039535522
  endloop
 endfacet
 facet normal 0.52367202261443824 -0.85191995676290111 0
  outer loop
   vertex -1.0499999523162842 -0.25980761647224426 -0.099999994039535522
   vertex -1.0499999523162842 -0.25980761647224426 -0.89999997615814209
   vertex -1.0359154939651489 -0.25114995241165161 -0.099999994039535522
  endloop
 endfacet
 facet normal 0.52367202261443824 -0.85191995676290111 0
  outer loop
   vertex -1.0499999523162842 -0.25980761647224426 -0.89999997615814209
   vertex -1.0359154939651489 -0.25114995241165161 -0.89999997615814209
   vertex -1.0359154939651489 -0.25114995241165161 -0.099999994039535522
  endloop
 endfacet
 facet normal 0.56981096583863589 -0.82177579862760675 0
  outer loop
   vertex -1.0359154939651489 -0.25114995241165161 -0.099999994039535522
   vertex -1.0359154939651489 -0.25114995241165161 -0.89999997615814209
   vertex -1.0223294496536255 -0.24172952771186829 -0.099999994039535522
  endloop
 endfacet
 facet normal 0.56981096583863589 -0.82177579862760675 0
  outer loop
   vertex -1.0359154939651489 -0.25114995241165161 -0.89999997615814209
   vertex -1.0223294496536255 -0.24172952771186829 -0.89999997615814209
   vertex -1.0223294496536255 -0.24172952771186829 -0.099999994039535522
  endloop
 endfacet
 facet normal 0.61421032786611152 -0.78914236557328721 0
  outer loop
   vertex -1.0223294496536255 -0.24172952771186829 -0.099999994039535522
   vertex -1.0223294496536255 -0.24172952771186829 -0.89999997615814209
   vertex -1.0092828273773193 -0.23157499730587006 -0.099999994039535522
  endloop
 endfacet
 facet normal 0.61421032786611152 -0.78914236557328721 0
  outer loop
   vertex -1.0223294496536255 -0.24172952771186829 -0.89999997615814209
   vertex -1.0092828273773193 -0.23157499730587006 -0.89999997615814209
   vertex -1.0092828273773193 -0.23157499730587006 -0.099999994039535522
  endloop
 endfacet
 facet normal 0.65675263807947049 -0.75410607501574733 0
  outer loop
   vertex -1.0092828273773193 -0.23157499730587006 -0.099999994039535522
   vertex -1.0092828273773193 -0.23157499730587006 -0.89999997615814209
   vertex -0.99681550264358521 -0.2207171767950058 -0.099999994039535522
  endloop
 endfacet
 facet normal 0.65675263807947049 -0.75410607501574733 0
  outer loop
   vertex -1.0092828273773193 -0.23157499730587006 -0.89999997615814209
   vertex -0.99681550264358521 -0.2207171767950058 -0.89999997615814209
   vertex -0.99681550264358521 -0.2207171767950058 -0.099999994039535522
  endloop
 endfacet
 facet normal 0.69729819568287943 -0.71678115648878538 0
  outer loop
   vertex -0.99681550264358521 -0.2207171767950058 -0.099999994039535522
   vertex -0.99681550264358521 -0.2207171767950058 -0.89999997615814209
   vertex -0.98496526479721069 -0.2091890424489975 -0.099999994039535522
  endloop
 endfacet
 facet normal 0.69729819568287943 -0.71678115648878538 0
  outer loop
   vertex -0.99681550264358521 -0.2207171767950058 -0.89999997615814209
   vertex -0.98496526479721069 -0.2091890424489975 -0.89999997615814209
   vertex -0.98496526479721069 -0.2091890424489975 -0.099999994039535522
  endloop
 endfacet
 facet normal 0.73572263182156716 -0.67728296082623141 0
  outer loop
   vertex -0.98496526479721069 -0.2091890424489975 -0.099999994039535522
   vertex -0.98496526479721069 -0.2091890424489975 -0.89999997615814209
   vertex -0.97376799583435059 -0.1970256119966507 -0.099999994039535522
  endloop
 endfacet
 facet normal 0.73572263182156716 -0.67728296082623141 0
  outer loop
   vertex -0.98496526479721069 -0.2091890424489975 -0.89999997615814209
   vertex -0.97376799583435059 -0.1970256119966507 -0.89999997615814209
   vertex -0.97376799583435059 -0.1970256119966507 -0.099999994039535522
  endloop
 endfacet
 facet normal 0.7719175389297932 -0.63572266995331483 0
  outer loop
   vertex -0.97376799583435059 -0.1970256119966507 -0.099999994039535522
   vertex -0.97376799583435059 -0.1970256119966507 -0.89999997615814209
   vertex -0.96325784921646118 -0.18426381051540375 -0.099999994039535522
  endloop
 endfacet
 facet normal 0.7719175389297932 -0.63572266995331483 0
  outer loop
   vertex -0.97376799583435059 -0.1970256119966507 -0.89999997615814209
   vertex -0.96325784921646118 -0.18426381051540375 -0.89999997615814209
   vertex -0.96325784921646118 -0.18426381051540375 -0.099999994039535522
  endloop
 endfacet
 facet normal 0.80576506698828476 -0.59223530528107238 0
  outer loop
   vertex -0.96325784921646118 -0.18426381051540375 -0.099999994039535522
   vertex -0.96325784921646118 -0.18426381051540375 -0.89999997615814209
   vertex -0.95346665382385254 -0.17094241082668304 -0.099999994039535522
  endloop
 endfacet
 facet normal 0.80576506698828476 -0.59223530528107238 0
  outer loop
   vertex -0.96325784921646118 -0.18426381051540375 -0.89999997615814209
   vertex -0.95346665382385254 -0.17094241082668304 -0.89999997615814209
   vertex -0.95346665382385254 -0.17094241082668304 -0.099999994039535522
  endloop
 endfacet
 facet normal 0.83716579831892723 -0.5469491988521723 0
  outer loop
   vertex -0.95346665382385254 -0.17094241082668304 -0.099999994039535522
   vertex -0.95346665382385254 -0.17094241082668304 -0.89999997615814209
   vertex -0.94442415237426758 -0.15710186958312988 -0.099999994039535522
  endloop
 endfacet
 facet normal 0.83716579831892723 -0.5469491988521723 0
  outer loop
   vertex -0.95346665382385254 -0.17094241082668304 -0.89999997615814209
   vertex -0.94442415237426758 -0.15710186958312988 -0.89999997615814209
   vertex -0.94442415237426758 -0.15710186958312988 -0.099999994039535522
  endloop
 endfacet
 facet normal 0.86602611019594089 -0.49999877645739121 0
  outer loop
   vertex -0.94442415237426758 -0.15710186958312988 -0.099999994039535522
   vertex -0.94442415237426758 -0.15710186958312988 -0.89999997615814209
   vertex -0.93615788221359253 -0.14278422296047211 -0.099999994039535522
  endloop
 endfacet
 facet normal 0.86602611019594089 -0.49999877645739121 0
  outer loop
   vertex -0.94442415237426758 -0.15710186958312988 -0.89999997615814209
   vertex -0.93615788221359253 -0.14278422296047211 -0.89999997615814209
   vertex -0.93615788221359253 -0.14278422296047211 -0.099999994039535522
  endloop
 endfacet
 facet normal 0.89225465144677563 -0.45153254253884401 0
  outer loop
   vertex -0.93615788221359253 -0.14278422296047211 -0.099999994039535522
   vertex -0.93615788221359253 -0.14278422296047211 -0.89999997615814209
   vertex -0.92869287729263306 -0.12803293764591217 -0.099999994039535522
  endloop
 endfacet
 facet normal 0.89225465144677563 -0.45153254253884401 0
  outer loop
   vertex -0.93615788221359253 -0.14278422296047211 -0.89999997615814209
   vertex -0.92869287729263306 -0.12803293764591217 -0.89999997615814209
   vertex -0.92869287729263306 -0.12803293764591217 -0.099999994039535522
  endloop
 endfacet
 facet normal 0.91577297191255447 -0.40169623338344596 0
  outer loop
   vertex -0.92869287729263306 -0.12803293764591217 -0.099999994039535522
   vertex -0.92869287729263306 -0.12803293764591217 -0.89999997615814209
   vertex -0.92205178737640381 -0.11289281398057938 -0.099999994039535522
  endloop
 endfacet
 facet normal 0.91577297191255447 -0.40169623338344596 0
  outer loop
   vertex -0.92869287729263306 -0.12803293764591217 -0.89999997615814209
   vertex -0.92205178737640381 -0.11289281398057938 -0.89999997615814209
   vertex -0.92205178737640381 -0.11289281398057938 -0.099999994039535522
  endloop
 endfacet
 facet normal 0.93651090242962753 -0.35063845999896359 0
  outer loop
   vertex -0.92205178737640381 -0.11289281398057938 -0.099999994039535522
   vertex -0.92205178737640381 -0.11289281398057938 -0.89999997615814209
   vertex -0.91625481843948364 -0.097409844398498535 -0.099999994039535522
  endloop
 endfacet
 facet normal 0.93651090242962753 -0.35063845999896359 0
  outer loop
   vertex -0.92205178737640381 -0.11289281398057938 -0.89999997615814209
   vertex -0.91625481843948364 -0.097409844398498535 -0.89999997615814209
   vertex -0.91625481843948364 -0.097409844398498535 -0.099999994039535522
  endloop
 endfacet
 facet normal 0.95440539687642312 -0.29851354812329223 0
  outer loop
   vertex -0.91625481843948364 -0.097409844398498535 -0.099999994039535522
   vertex -0.91625481843948364 -0.097409844398498535 -0.89999997615814209
   vertex -0.91131961345672607 -0.081631042063236237 -0.099999994039535522
  endloop
 endfacet
 facet normal 0.95440539687642312 -0.29851354812329223 0
  outer loop
   vertex -0.91625481843948364 -0.097409844398498535 -0.89999997615814209
   vertex -0.91131961345672607 -0.081631042063236237 -0.89999997615814209
   vertex -0.91131961345672607 -0.081631042063236237 -0.099999994039535522
  endloop
 endfacet
 facet normal 0.96939990675170606 -0.24548690553629071 0
  outer loop
   vertex -0.91131961345672607 -0.081631042063236237 -0.099999994039535522
   vertex -0.91131961345672607 -0.081631042063236237 -0.89999997615814209
   vertex -0.90726107358932495 -0.065604329109191895 -0.099999994039535522
  endloop
 endfacet
 facet normal 0.96939990675170606 -0.24548690553629071 0
  outer loop
   vertex -0.91131961345672607 -0.081631042063236237 -0.89999997615814209
   vertex -0.90726107358932495 -0.065604329109191895 -0.89999997615814209
   vertex -0.90726107358932495 -0.065604329109191895 -0.099999994039535522
  endloop
 endfacet
 facet normal 0.98145148996379361 -0.19171064875965921 0
  outer loop
   vertex -0.90726107358932495 -0.065604329109191895 -0.099999994039535522
   vertex -0.90726107358932495 -0.065604329109191895 -0.89999997615814209
   vertex -0.90409159660339355 -0.049378376454114914 -0.099999994039535522
  endloop
 endfacet
 facet normal 0.98145148996379361 -0.19171064875965921 0
  outer loop
   vertex -0.90726107358932495 -0.065604329109191895 -0.89999997615814209
   vertex -0.90409159660339355 -0.049378376454114914 -0.89999997615814209
   vertex -0.90409159660339355 -0.049378376454114914 -0.099999994039535522
  endloop
 endfacet
 facet normal 0.99052203836389563 -0.13735389151907257 0
  outer loop
   vertex -0.90409159660339355 -0.049378376454114914 -0.099999994039535522
   vertex -0.90409159660339355 -0.049378376454114914 -0.89999997615814209
   vertex -0.90182077884674072 -0.033002465963363647 -0.099999994039535522
  endloop
 endfacet
 facet normal 0.99052203836389563 -0.13735389151907257 0
  outer loop
   vertex -0.90409159660339355 -0.049378376454114914 -0.89999997615814209
   vertex -0.90182077884674072 -0.033002465963363647 -0.89999997615814209
   vertex -0.90182077884674072 -0.033002465963363647 -0.099999994039535522
  endloop
 endfacet
 facet normal 0.99658452931523056 -0.082578907291997197 0
  outer loop
   vertex -0.90182077884674072 -0.033002465963363647 -0.099999994039535522
   vertex -0.90182077884674072 -0.033002465963363647 -0.89999997615814209
   vertex -0.9004555344581604 -0.016526328399777412 -0.099999994039535522
  endloop
 endfacet
 facet normal 0.99658452931523056 -0.082578907291997197 0
  outer loop
   vertex -0.90182077884674072 -0.033002465963363647 -0.89999997615814209
   vertex -0.9004555344581604 -0.016526328399777412 -0.89999997615814209
   vertex -0.9004555344581604 -0.016526328399777412 -0.099999994039535522
  endloop
 endfacet
 facet normal 0.99962028499643962 -0.027555141510011899 0
  outer loop
   vertex -0.9004555344581604 -0.016526328399777412 -0.099999994039535522
   vertex -0.9004555344581604 -0.016526328399777412 -0.89999997615814209
   vertex -0.89999997615814209 7.1752154344466881e-17 -0.099999994039535522
  endloop
 endfacet
 facet normal 0.99962028499643962 -0.027555141510012145 4.9428520270063962e-18
  outer loop
   vertex -0.9004555344581604 -0.016526328399777412 -0.89999997615814209
   vertex -0.89999997615814209 -7.1752154344466881e-17 -0.89999997615814209
   vertex -0.89999997615814209 7.1752154344466881e-17 -0.099999994039535522
  endloop
 endfacet
 facet normal 0 0 1
  outer loop
   vertex -1.4837452173233032 0.097409844398498535 -0.099999994039535522
   vertex -1.488680362701416 0.081631042063236237 -0.099999994039535522
   vertex -1.4779481887817383 0.11289281398057938 -0.099999994039535522
  endloop
 endfacet
 facet normal 0 0 1
  outer loop
   vertex -1.4779481887817383 0.11289281398057938 -0.099999994039535522
   vertex -1.488680362701416 0.081631042063236237 -0.099999994039535522
   vertex -1.4713071584701538 0.12803293764591217 -0.099999994039535522
  endloop
 endfacet
 facet normal 0 0 1
  outer loop
   vertex -1.4713071584701538 0.12803293764591217 -0.099999994039535522
   vertex -1.488680362701416 0.081631042063236237 -0.099999994039535522
   vertex -1.4638421535491943 0.14278422296047211 -0.099999994039535522
  endloop
 endfacet
 facet normal 0 0 1
  outer loop
   vertex -1.4638421535491943 0.14278422296047211 -0.099999994039535522
   vertex -1.488680362701416 0.081631042063236237 -0.099999994039535522
   vertex -1.4555758237838745 0.15710186958312988 -0.099999994039535522
  endloop
 endfacet
 facet normal 0 0 1
  outer loop
   vertex -1.4555758237838745 0.15710186958312988 -0.099999994039535522
   vertex -1.488680362701416 0.081631042063236237 -0.099999994039535522
   vertex -1.4465333223342896 0.17094241082668304 -0.099999994039535522
  endloop
 endfacet
 facet normal 0 0 1
  outer loop
   vertex -1.4465333223342896 0.17094241082668304 -0.099999994039535522
   vertex -1.488680362701416 0.081631042063236237 -0.099999994039535522
   vertex -1.4367421865463257 0.18426381051540375 -0.099999994039535522
  endloop
 endfacet
 facet normal 0 0 1
  outer loop
   vertex -1.4367421865463257 0.18426381051540375 -0.099999994039535522
   vertex -1.488680362701416 0.081631042063236237 -0.099999994039535522
   vertex -1.4262319803237915 0.1970256119966507 -0.099999994039535522
  endloop
 endfacet
 facet normal 0 0 1
  outer loop
   vertex -1.4262319803237915 0.1970256119966507 -0.099999994039535522
   vertex -1.488680362701416 0.081631042063236237 -0.099999994039535522
   vertex -1.4150347709655762 0.2091890424489975 -0.099999994039535522
  endloop
 endfacet
 facet normal 0 0 1
  outer loop
   vertex -1.4150347709655762 0.2091890424489975 -0.099999994039535522
   vertex -1.488680362701416 0.081631042063236237 -0.099999994039535522
   vertex -1.4031844139099121 0.2207171767950058 -0.099999994039535522
  endloop
 endfacet
 facet normal 0 0 1
  outer loop
   vertex -1.4031844139099121 0.2207171767950058 -0.099999994039535522
   vertex -1.488680362701416 0.081631042063236237 -0.099999994039535522
   vertex -1.3907171487808228 0.23157499730587006 -0.099999994039535522
  endloop
 endfacet
 facet normal 0 0 1
  outer loop
   vertex -1.3907171487808228 0.23157499730587006 -0.099999994039535522
   vertex -1.488680362701416 0.081631042063236237 -0.099999994039535522
   vertex -1.3776705265045166 0.24172952771186829 -0.099999994039535522
  endloop
 endfacet
 facet normal 0 0 1
  outer loop
   vertex -1.488680362701416 0.081631042063236237 -0.099999994039535522
   vertex -1.4927389621734619 0.065604329109191895 -0.099999994039535522
   vertex -1.3776705265045166 0.24172952771186829 -0.099999994039535522
  endloop
 endfacet
 facet normal 0 0 1
  outer loop
   vertex -1.4927389621734619 0.065604329109191895 -0.099999994039535522
   vertex -1.4959083795547485 0.049378376454114914 -0.099999994039535522
   vertex -1.3776705265045166 0.24172952771186829 -0.099999994039535522
  endloop
 endfacet
 facet normal 0 0 1
  outer loop
   vertex -1.4959083795547485 0.049378376454114914 -0.099999994039535522
   vertex -1.4981791973114014 0.033002465963363647 -0.099999994039535522
   vertex -1.3776705265045166 0.24172952771186829 -0.099999994039535522
  endloop
 endfacet
 facet normal 0 0 1
  outer loop
   vertex -1.4981791973114014 0.033002465963363647 -0.099999994039535522
   vertex -1.4995445013046265 0.016526328399777412 -0.099999994039535522
   vertex -1.3776705265045166 0.24172952771186829 -0.099999994039535522
  endloop
 endfacet
 facet normal 0 0 1
  outer loop
   vertex -1.4995445013046265 0.016526328399777412 -0.099999994039535522
   vertex -1.5 1.0849155992202192e-16 -0.099999994039535522
   vertex -1.3776705265045166 0.24172952771186829 -0.099999994039535522
  endloop
 endfacet
 facet normal 0 -0 1
  outer loop
   vertex -1.5 1.0849155992202192e-16 -0.099999994039535522
   vertex -1.4995445013046265 -0.016526328399777412 -0.099999994039535522
   vertex -1.3776705265045166 0.24172952771186829 -0.099999994039535522
  endloop
 endfacet
 facet normal 0 -0 1
  outer loop
   vertex -1.4995445013046265 -0.016526328399777412 -0.099999994039535522
   vertex -1.4981791973114014 -0.033002465963363647 -0.099999994039535522
   vertex -1.3776705265045166 0.24172952771186829 -0.099999994039535522
  endloop
 endfacet
 facet normal 0 -0 1
  outer loop
   vertex -1.4981791973114014 -0.033002465963363647 -0.099999994039535522
   vertex -1.4959083795547485 -0.049378376454114914 -0.099999994039535522
   vertex -1.3776705265045166 0.24172952771186829 -0.099999994039535522
  endloop
 endfacet
 facet normal 0 -0 1
  outer loop
   vertex -1.4959083795547485 -0.049378376454114914 -0.099999994039535522
   vertex -1.4927389621734619 -0.065604329109191895 -0.099999994039535522
   vertex -1.3776705265045166 0.24172952771186829 -0.099999994039535522
  endloop
 endfacet
 facet normal 0 -0 1
  outer loop
   vertex -1.4927389621734619 -0.065604329109191895 -0.099999994039535522
   vertex -1.488680362701416 -0.081631042063236237 -0.099999994039535522
   vertex -1.3776705265045166 0.24172952771186829 -0.099999994039535522
  endloop
 endfacet
 facet normal 0 -0 1
  outer loop
   vertex -1.488680362701416 -0.081631042063236237 -0.099999994039535522
   vertex -1.4837452173233032 -0.097409844398498535 -0.099999994039535522
   vertex -1.3776705265045166 0.24172952771186829 -0.099999994039535522
  endloop
 endfacet
 facet normal 0 -0 1
  outer loop
   vertex -1.4837452173233032 -0.097409844398498535 -0.099999994039535522
   vertex -1.4779481887817383 -0.11289281398057938 -0.099999994039535522
   vertex -1.3776705265045166 0.24172952771186829 -0.099999994039535522
  endloop
 endfacet
 facet normal 0 -0 1
  outer loop
   vertex -1.4779481887817383 -0.11289281398057938 -0.099999994039535522
   vertex -1.4713071584701538 -0.12803293764591217 -0.099999994039535522
   vertex -1.3776705265045166 0.24172952771186829 -0.099999994039535522
  endloop
 endfacet
 facet normal 0 -0 1
  outer loop
   vertex -1.4713071584701538 -0.12803293764591217 -0.099999994039535522
   vertex -1.4638421535491943 -0.14278422296047211 -0.099999994039535522
   vertex -1.3776705265045166 0.24172952771186829 -0.099999994039535522
  endloop
 endfacet
 facet normal 0 -0 1
  outer loop
   vertex -1.4638421535491943 -0.14278422296047211 -0.099999994039535522
   vertex -1.4555758237838745 -0.15710186958312988 -0.099999994039535522
   vertex -1.3776705265045166 0.24172952771186829 -0.099999994039535522
  endloop
 endfacet
 facet normal 0 -0 1
  outer loop
   vertex -1.4555758237838745 -0.15710186958312988 -0.099999994039535522
   vertex -1.4465333223342896 -0.17094241082668304 -0.099999994039535522
   vertex -1.3776705265045166 0.24172952771186829 -0.099999994039535522
  endloop
 endfacet
 facet normal 0 -0 1
  outer loop
   vertex -1.4465333223342896 -0.17094241082668304 -0.099999994039535522
   vertex -1.4367421865463257 -0.18426381051540375 -0.099999994039535522
   vertex -1.3776705265045166 0.24172952771186829 -0.099999994039535522
  endloop
 endfacet
 facet normal 0 -0 1
  outer loop
   vertex -1.4367421865463257 -0.18426381051540375 -0.099999994039535522
   vertex -1.4262319803237915 -0.1970256119966507 -0.099999994039535522
   vertex -1.3776705265045166 0.24172952771186829 -0.099999994039535522
  endloop
 endfacet
 facet normal 0 -0 1
  outer loop
   vertex -1.4262319803237915 -0.1970256119966507 -0.099999994039535522
   vertex -1.4150347709655762 -0.2091890424489975 -0.099999994039535522
   vertex -1.3776705265045166 0.24172952771186829 -0.099999994039535522
  endloop
 endfacet
 facet normal 0 -0 1
  outer loop
   vertex -1.4150347709655762 -0.2091890424489975 -0.099999994039535522
   vertex -1.4031844139099121 -0.2207171767950058 -0.099999994039535522
   vertex -1.3776705265045166 0.24172952771186829 -0.099999994039535522
  endloop
 endfacet
 facet normal 0 -0 1
  outer loop
   vertex -1.4031844139099121 -0.2207171767950058 -0.099999994039535522
   vertex -1.3907171487808228 -0.23157499730587006 -0.099999994039535522
   vertex -1.3776705265045166 0.24172952771186829 -0.099999994039535522
  endloop
 endfacet
 facet normal 0 -0 1
  outer loop
   vertex -1.3907171487808228 -0.23157499730587006 -0.099999994039535522
   vertex -1.3776705265045166 -0.24172952771186829 -0.099999994039535522
   vertex -1.3776705265045166 0.24172952771186829 -0.099999994039535522
  endloop
 endfacet
 facet normal 0 0 1
  outer loop
   vertex -1.3776705265045166 0.24172952771186829 -0.099999994039535522
   vertex -1.3776705265045166 -0.24172952771186829 -0.099999994039535522
   vertex -1.3640844821929932 0.25114995241165161 -0.099999994039535522
  endloop
 endfacet
 facet normal 0 0 1
  outer loop
   vertex -1.3640844821929932 0.25114995241165161 -0.099999994039535522
   vertex -1.3776705265045166 -0.24172952771186829 -0.099999994039535522
   vertex -1.3500000238418579 0.25980761647224426 -0.099999994039535522
  endloop
 endfacet
 facet normal 0 0 1
  outer loop
   vertex -1.3500000238418579 0.25980761647224426 -0.099999994039535522
   vertex -1.3776705265045166 -0.24172952771186829 -0.099999994039535522
   vertex -1.3354599475860596 0.26767626404762268 -0.099999994039535522
  endloop
 endfacet
 facet normal 0 0 1
  outer loop
   vertex -1.3354599475860596 0.26767626404762268 -0.099999994039535522
   vertex -1.3776705265045166 -0.24172952771186829 -0.099999994039535522
   vertex -1.320508599281311 0.27473199367523193 -0.099999994039535522
  endloop
 endfacet
 facet normal 0 0 1
  outer loop
   vertex -1.320508599281311 0.27473199367523193 -0.099999994039535522
   vertex -1.3776705265045166 -0.24172952771186829 -0.099999994039535522
   vertex -1.3051912784576416 0.28095337748527527 -0.099999994039535522
  endloop
 endfacet
 facet normal 0 0 1
  outer loop
   vertex -1.3051912784576416 0.28095337748527527 -0.099999994039535522
   vertex -1.3776705265045166 -0.24172952771186829 -0.099999994039535522
   vertex -1.2895544767379761 0.2863214910030365 -0.099999994039535522
  endloop
 endfacet
 facet normal 0 0 1
  outer loop
   vertex -1.2895544767379761 0.2863214910030365 -0.099999994039535522
   vertex -1.3776705265045166 -0.24172952771186829 -0.099999994039535522
   vertex -1.2736456394195557 0.29082009196281433 -0.099999994039535522
  endloop
 endfacet
 facet normal 0 0 1
  outer loop
   vertex -1.2736456394195557 0.29082009196281433 -0.099999994039535522
   vertex -1.3776705265045166 -0.24172952771186829 -0.099999994039535522
   vertex -1.257513165473938 0.29443544149398804 -0.099999994039535522
  endloop
 endfacet
 facet normal 0 0 1
  outer loop
   vertex -1.257513165473938 0.29443544149398804 -0.099999994039535522
   vertex -1.3776705265045166 -0.24172952771186829 -0.099999994039535522
   vertex -1.2412060499191284 0.29715663194656372 -0.099999994039535522
  endloop
 endfacet
 facet normal 0 0 1
  outer loop
   vertex -1.2412060499191284 0.29715663194656372 -0.099999994039535522
   vertex -1.3776705265045166 -0.24172952771186829 -0.099999994039535522
   vertex -1.2247737646102905 0.29897534847259521 -0.099999994039535522
  endloop
 endfacet
 facet normal 0 0 1
  outer loop
   vertex -1.2247737646102905 0.29897534847259521 -0.099999994039535522
   vertex -1.3776705265045166 -0.24172952771186829 -0.099999994039535522
   vertex -1.2082662582397461 0.2998860776424408 -0.099999994039535522
  endloop
 endfacet
 facet normal 0 0 1
  outer loop
   vertex -1.2082662582397461 0.2998860776424408 -0.099999994039535522
   vertex -1.3776705265045166 -0.24172952771186829 -0.099999994039535522
   vertex -1.191733717918396 0.2998860776424408 -0.099999994039535522
  endloop
 endfacet
 facet normal 0 0 1
  outer loop
   vertex -1.191733717918396 0.2998860776424408 -0.099999994039535522
   vertex -1.3776705265045166 -0.24172952771186829 -0.099999994039535522
   vertex -1.1752262115478516 0.29897534847259521 -0.099999994039535522
  endloop
 endfacet
 facet normal 0 0 1
  outer loop
   vertex -1.1752262115478516 0.29897534847259521 -0.099999994039535522
   vertex -1.3776705265045166 -0.24172952771186829 -0.099999994039535522
   vertex -1.1587939262390137 0.29715663194656372 -0.099999994039535522
  endloop
 endfacet
 facet normal 0 0 1
  outer loop
   vertex -1.1587939262390137 0.29715663194656372 -0.099999994039535522
   vertex -1.3776705265045166 -0.24172952771186829 -0.099999994039535522
   vertex -1.1424868106842041 0.29443544149398804 -0.099999994039535522
  endloop
 endfacet
 facet normal 0 0 1
  outer loop
   vertex -1.1424868106842041 0.29443544149398804 -0.099999994039535522
   vertex -1.3776705265045166 -0.24172952771186829 -0.099999994039535522
   vertex -1.1263543367385864 0.29082009196281433 -0.099999994039535522
  endloop
 endfacet
 facet normal 0 0 1
  outer loop
   vertex -1.1263543367385864 0.29082009196281433 -0.099999994039535522
   vertex -1.3776705265045166 -0.24172952771186829 -0.099999994039535522
   vertex -1.110445499420166 0.2863214910030365 -0.099999994039535522
  endloop
 endfacet
 facet normal 0 0 1
  outer loop
   vertex -1.110445499420166 0.2863214910030365 -0.099999994039535522
   vertex -1.3776705265045166 -0.24172952771186829 -0.099999994039535522
   vertex -1.0948086977005005 0.28095337748527527 -0.099999994039535522
  endloop
 endfacet
 facet normal 0 0 1
  outer loop
   vertex -1.0948086977005005 0.28095337748527527 -0.099999994039535522
   vertex -1.3776705265045166 -0.24172952771186829 -0.099999994039535522
   vertex -1.0794913768768311 0.27473199367523193 -0.099999994039535522
  endloop
 endfacet
 facet normal 0 0 1
  outer loop
   vertex -1.0794913768768311 0.27473199367523193 -0.099999994039535522
   vertex -1.3776705265045166 -0.24172952771186829 -0.099999994039535522
   vertex -1.0645400285720825 0.26767626404762268 -0.099999994039535522
  endloop
 endfacet
 facet normal 0 0 1
  outer loop
   vertex -1.0645400285720825 0.26767626404762268 -0.099999994039535522
   vertex -1.3776705265045166 -0.24172952771186829 -0.099999994039535522
   vertex -1.0499999523162842 0.25980761647224426 -0.099999994039535522
  endloop
 endfacet
 facet normal 0 0 1
  outer loop
   vertex -1.0499999523162842 0.25980761647224426 -0.099999994039535522
   vertex -1.3776705265045166 -0.24172952771186829 -0.099999994039535522
   vertex -1.0359154939651489 0.25114995241165161 -0.099999994039535522
  endloop
 endfacet
 facet normal 0 0 1
  outer loop
   vertex -1.0359154939651489 0.25114995241165161 -0.099999994039535522
   vertex -1.3776705265045166 -0.24172952771186829 -0.099999994039535522
   vertex -1.0223294496536255 0.24172952771186829 -0.099999994039535522
  endloop
 endfacet
 facet normal 0 0 1
  outer loop
   vertex -1.0223294496536255 0.24172952771186829 -0.099999994039535522
   vertex -1.3776705265045166 -0.24172952771186829 -0.099999994039535522
   vertex -1.0092828273773193 0.23157499730587006 -0.099999994039535522
  endloop
 endfacet
 facet normal 0 0 1
  outer loop
   vertex -1.0092828273773193 0.23157499730587006 -0.099999994039535522
   vertex -1.3776705265045166 -0.24172952771186829 -0.099999994039535522
   vertex -0.99681550264358521 0.2207171767950058 -0.099999994039535522
  endloop
 endfacet
 facet normal 0 0 1
  outer loop
   vertex -0.99681550264358521 0.2207171767950058 -0.099999994039535522
   vertex -1.3776705265045166 -0.24172952771186829 -0.099999994039535522
   vertex -0.98496526479721069 0.2091890424489975 -0.099999994039535522
  endloop
 endfacet
 facet normal 0 0 1
  outer loop
   vertex -0.98496526479721069 0.2091890424489975 -0.099999994039535522
   vertex -1.3776705265045166 -0.24172952771186829 -0.099999994039535522
   vertex -0.97376799583435059 0.1970256119966507 -0.099999994039535522
  endloop
 endfacet
 facet normal 0 0 1
  outer loop
   vertex -0.97376799583435059 0.1970256119966507 -0.099999994039535522
   vertex -1.3776705265045166 -0.24172952771186829 -0.099999994039535522
   vertex -0.96325784921646118 0.18426381051540375 -0.099999994039535522
  endloop
 endfacet
 facet normal 0 0 1
  outer loop
   vertex -0.96325784921646118 0.18426381051540375 -0.099999994039535522
   vertex -1.3776705265045166 -0.24172952771186829 -0.099999994039535522
   vertex -0.95346665382385254 0.17094241082668304 -0.099999994039535522
  endloop
 endfacet
 facet normal 0 0 1
  outer loop
   vertex -0.95346665382385254 0.17094241082668304 -0.099999994039535522
   vertex -1.3776705265045166 -0.24172952771186829 -0.099999994039535522
   vertex -0.94442415237426758 0.15710186958312988 -0.099999994039535522
  endloop
 endfacet
 facet normal 0 0 1
  outer loop
   vertex -0.94442415237426758 0.15710186958312988 -0.099999994039535522
   vertex -1.3776705265045166 -0.24172952771186829 -0.099999994039535522
   vertex -0.93615788221359253 0.14278422296047211 -0.099999994039535522
  endloop
 endfacet
 facet normal 0 0 1
  outer loop
   vertex -0.93615788221359253 0.14278422296047211 -0.099999994039535522
   vertex -1.3776705265045166 -0.24172952771186829 -0.099999994039535522
   vertex -0.92869287729263306 0.12803293764591217 -0.099999994039535522
  endloop
 endfacet
 facet normal 0 0 1
  outer loop
   vertex -0.92869287729263306 0.12803293764591217 -0.099999994039535522
   vertex -1.3776705265045166 -0.24172952771186829 -0.099999994039535522
   vertex -0.92205178737640381 0.11289281398057938 -0.099999994039535522
  endloop
 endfacet
 facet normal 0 0 1
  outer loop
   vertex -0.92205178737640381 0.11289281398057938 -0.099999994039535522
   vertex -1.3776705265045166 -0.24172952771186829 -0.099999994039535522
   vertex -0.91625481843948364 0.097409844398498535 -0.099999994039535522
  endloop
 endfacet
 facet normal 0 0 1
  outer loop
   vertex -0.91625481843948364 0.097409844398498535 -0.099999994039535522
   vertex -1.3776705265045166 -0.24172952771186829 -0.099999994039535522
   vertex -0.91131961345672607 0.081631042063236237 -0.099999994039535522
  endloop
 endfacet
 facet normal 0 0 1
  outer loop
   vertex -0.91131961345672607 0.081631042063236237 -0.099999994039535522
   vertex -1.3776705265045166 -0.24172952771186829 -0.099999994039535522
   vertex -0.90726107358932495 0.065604329109191895 -0.099999994039535522
  endloop
 endfacet
 facet normal 0 0 1
  outer loop
   vertex -0.90726107358932495 0.065604329109191895 -0.099999994039535522
   vertex -1.3776705265045166 -0.24172952771186829 -0.099999994039535522
   vertex -0.90409159660339355 0.049378376454114914 -0.099999994039535522
  endloop
 endfacet
 facet normal 0 0 1
  outer loop
   vertex -0.90409159660339355 0.049378376454114914 -0.099999994039535522
   vertex -1.3776705265045166 -0.24172952771186829 -0.099999994039535522
   vertex -0.90182077884674072 0.033002465963363647 -0.099999994039535522
  endloop
 endfacet
 facet normal 0 0 1
  outer loop
   vertex -0.90182077884674072 0.033002465963363647 -0.099999994039535522
   vertex -1.3776705265045166 -0.24172952771186829 -0.099999994039535522
   vertex -0.9004555344581604 0.016526328399777412 -0.099999994039535522
  endloop
 endfacet
 facet normal 0 0 1
  outer loop
   vertex -0.9004555344581604 0.016526328399777412 -0.099999994039535522
   vertex -1.3776705265045166 -0.24172952771186829 -0.099999994039535522
   vertex -0.89999997615814209 7.1752154344466881e-17 -0.099999994039535522
  endloop
 endfacet
 facet normal 0 0 1
  outer loop
   vertex -0.89999997615814209 7.1752154344466881e-17 -0.099999994039535522
   vertex -1.3776705265045166 -0.24172952771186829 -0.099999994039535522
   vertex -0.9004555344581604 -0.016526328399777412 -0.099999994039535522
  endloop
 endfacet
 facet normal 0 0 1
  outer loop
   vertex -0.9004555344581604 -0.016526328399777412 -0.099999994039535522
   vertex -1.3776705265045166 -0.24172952771186829 -0.099999994039535522
   vertex -0.90182077884674072 -0.033002465963363647 -0.099999994039535522
  endloop
 endfacet
 facet normal 0 0 1
  outer loop
   vertex -0.90182077884674072 -0.033002465963363647 -0.099999994039535522
   vertex -1.3776705265045166 -0.24172952771186829 -0.099999994039535522
   vertex -0.90409159660339355 -0.049378376454114914 -0.099999994039535522
  endloop
 endfacet
 facet normal 0 0 1
  outer loop
   vertex -0.90409159660339355 -0.049378376454114914 -0.099999994039535522
   vertex -1.3776705265045166 -0.24172952771186829 -0.099999994039535522
   vertex -0.90726107358932495 -0.065604329109191895 -0.099999994039535522
  endloop
 endfacet
 facet normal 0 0 1
  outer loop
   vertex -0.90726107358932495 -0.065604329109191895 -0.099999994039535522
   vertex -1.3776705265045166 -0.24172952771186829 -0.099999994039535522
   vertex -0.91131961345672607 -0.081631042063236237 -0.099999994039535522
  endloop
 endfacet
 facet normal 0 0 1
  outer loop
   vertex -0.91131961345672607 -0.081631042063236237 -0.099999994039535522
   vertex -1.3776705265045166 -0.24172952771186829 -0.099999994039535522
   vertex -0.91625481843948364 -0.097409844398498535 -0.099999994039535522
  endloop
 endfacet
 facet normal 0 0 1
  outer loop
   vertex -0.91625481843948364 -0.097409844398498535 -0.099999994039535522
   vertex -1.3776705265045166 -0.24172952771186829 -0.099999994039535522
   vertex -0.92205178737640381 -0.11289281398057938 -0.099999994039535522
  endloop
 endfacet
 facet normal 0 0 1
  outer loop
   vertex -0.92205178737640381 -0.11289281398057938 -0.099999994039535522
   vertex -1.3776705265045166 -0.24172952771186829 -0.099999994039535522
   vertex -0.92869287729263306 -0.12803293764591217 -0.099999994039535522
  endloop
 endfacet
 facet normal 0 0 1
  outer loop
   vertex -0.92869287729263306 -0.12803293764591217 -0.099999994039535522
   vertex -1.3776705265045166 -0.24172952771186829 -0.099999994039535522
   vertex -0.93615788221359253 -0.14278422296047211 -0.099999994039535522
  endloop
 endfacet
 facet normal 0 0 1
  outer loop
   vertex -0.93615788221359253 -0.14278422296047211 -0.099999994039535522
   vertex -1.3776705265045166 -0.24172952771186829 -0.099999994039535522
   vertex -0.94442415237426758 -0.15710186958312988 -0.099999994039535522
  endloop
 endfacet
 facet normal 0 -0 1
  outer loop
   vertex -1.3776705265045166 -0.24172952771186829 -0.099999994039535522
   vertex -1.3640844821929932 -0.25114995241165161 -0.099999994039535522
   vertex -0.94442415237426758 -0.15710186958312988 -0.099999994039535522
  endloop
 endfacet
 facet normal 0 0 1
  outer loop
   vertex -0.94442415237426758 -0.15710186958312988 -0.099999994039535522
   vertex -1.3640844821929932 -0.25114995241165161 -0.099999994039535522
   vertex -0.95346665382385254 -0.17094241082668304 -0.099999994039535522
  endloop
 endfacet
 facet normal 0 0 1
  outer loop
   vertex -0.95346665382385254 -0.17094241082668304 -0.099999994039535522
   vertex -1.3640844821929932 -0.25114995241165161 -0.099999994039535522
   vertex -0.96325784921646118 -0.18426381051540375 -0.099999994039535522
  endloop
 endfacet
 facet normal 0 0 1
  outer loop
   vertex -0.96325784921646118 -0.18426381051540375 -0.099999994039535522
   vertex -1.3640844821929932 -0.25114995241165161 -0.099999994039535522
   vertex -0.97376799583435059 -0.1970256119966507 -0.099999994039535522
  endloop
 endfacet
 facet normal 0 0 1
  outer loop
   vertex -0.97376799583435059 -0.1970256119966507 -0.099999994039535522
   vertex -1.3640844821929932 -0.25114995241165161 -0.099999994039535522
   vertex -0.98496526479721069 -0.2091890424489975 -0.099999994039535522
  endloop
 endfacet
 facet normal 0 0 1
  outer loop
   vertex -0.98496526479721069 -0.2091890424489975 -0.099999994039535522
   vertex -1.3640844821929932 -0.25114995241165161 -0.099999994039535522
   vertex -0.99681550264358521 -0.2207171767950058 -0.099999994039535522
  endloop
 endfacet
 facet normal 0 0 1
  outer loop
   vertex -0.99681550264358521 -0.2207171767950058 -0.099999994039535522
   vertex -1.3640844821929932 -0.25114995241165161 -0.099999994039535522
   vertex -1.0092828273773193 -0.23157499730587006 -0.099999994039535522
  endloop
 endfacet
 facet normal 0 0 1
  outer loop
   vertex -1.0092828273773193 -0.23157499730587006 -0.099999994039535522
   vertex -1.3640844821929932 -0.25114995241165161 -0.099999994039535522
   vertex -1.0223294496536255 -0.24172952771186829 -0.099999994039535522
  endloop
 endfacet
 facet normal 0 0 1
  outer loop
   vertex -1.0223294496536255 -0.24172952771186829 -0.099999994039535522
   vertex -1.3640844821929932 -0.25114995241165161 -0.099999994039535522
   vertex -1.0359154939651489 -0.25114995241165161 -0.099999994039535522
  endloop
 endfacet
 facet normal -0 0 1
  outer loop
   vertex -1.0359154939651489 -0.25114995241165161 -0.099999994039535522
   vertex -1.3640844821929932 -0.25114995241165161 -0.099999994039535522
   vertex -1.0499999523162842 -0.25980761647224426 -0.099999994039535522
  endloop
 endfacet
 facet normal 0 0 1
  outer loop
   vertex -1.0499999523162842 -0.25980761647224426 -0.099999994039535522
   vertex -1.3640844821929932 -0.25114995241165161 -0.099999994039535522
   vertex -1.0645400285720825 -0.26767626404762268 -0.099999994039535522
  endloop
 endfacet
 facet normal 0 0 1
  outer loop
   vertex -1.0645400285720825 -0.26767626404762268 -0.099999994039535522
   vertex -1.3640844821929932 -0.25114995241165161 -0.099999994039535522
   vertex -1.0794913768768311 -0.27473199367523193 -0.099999994039535522
  endloop
 endfacet
 facet normal 0 0 1
  outer loop
   vertex -1.0794913768768311 -0.27473199367523193 -0.099999994039535522
   vertex -1.3640844821929932 -0.25114995241165161 -0.099999994039535522
   vertex -1.0948086977005005 -0.28095337748527527 -0.099999994039535522
  endloop
 endfacet
 facet normal -0 -0 1
  outer loop
   vertex -1.3640844821929932 -0.25114995241165161 -0.099999994039535522
   vertex -1.3500000238418579 -0.25980761647224426 -0.099999994039535522
   vertex -1.0948086977005005 -0.28095337748527527 -0.099999994039535522
  endloop
 endfacet
 facet normal -0 -0 1
  outer loop
   vertex -1.3500000238418579 -0.25980761647224426 -0.099999994039535522
   vertex -1.3354599475860596 -0.26767626404762268 -0.099999994039535522
   vertex -1.0948086977005005 -0.28095337748527527 -0.099999994039535522
  endloop
 endfacet
 facet normal -0 -0 1
  outer loop
   vertex -1.3354599475860596 -0.26767626404762268 -0.099999994039535522
   vertex -1.320508599281311 -0.27473199367523193 -0.099999994039535522
   vertex -1.0948086977005005 -0.28095337748527527 -0.099999994039535522
  endloop
 endfacet
 facet normal 0 -0 1
  outer loop
   vertex -1.320508599281311 -0.27473199367523193 -0.099999994039535522
   vertex -1.3051912784576416 -0.28095337748527527 -0.099999994039535522
   vertex -1.0948086977005005 -0.28095337748527527 -0.099999994039535522
  endloop
 endfacet
 facet normal -0 0 1
  outer loop
   vertex -1.0948086977005005 -0.28095337748527527 -0.099999994039535522
   vertex -1.3051912784576416 -0.28095337748527527 -0.099999994039535522
   vertex -1.110445499420166 -0.2863214910030365 -0.099999994039535522
  endloop
 endfacet
 facet normal 0 0 1
  outer loop
   vertex -1.110445499420166 -0.2863214910030365 -0.099999994039535522
   vertex -1.3051912784576416 -0.28095337748527527 -0.099999994039535522
   vertex -1.1263543367385864 -0.29082009196281433 -0.099999994039535522
  endloop
 endfacet
 facet normal -0 -0 1
  outer loop
   vertex -1.3051912784576416 -0.28095337748527527 -0.099999994039535522
   vertex -1.2895544767379761 -0.2863214910030365 -0.099999994039535522
   vertex -1.1263543367385864 -0.29082009196281433 -0.099999994039535522
  endloop
 endfacet
 facet normal 0 -0 1
  outer loop
   vertex -1.2895544767379761 -0.2863214910030365 -0.099999994039535522
   vertex -1.2736456394195557 -0.29082009196281433 -0.099999994039535522
   vertex -1.1263543367385864 -0.29082009196281433 -0.099999994039535522
  endloop
 endfacet
 facet normal -0 0 1
  outer loop
   vertex -1.1263543367385864 -0.29082009196281433 -0.099999994039535522
   vertex -1.2736456394195557 -0.29082009196281433 -0.099999994039535522
   vertex -1.1424868106842041 -0.29443544149398804 -0.099999994039535522
  endloop
 endfacet
 facet normal 0 0 1
  outer loop
   vertex -1.1424868106842041 -0.29443544149398804 -0.099999994039535522
   vertex -1.2736456394195557 -0.29082009196281433 -0.099999994039535522
   vertex -1.1587939262390137 -0.29715663194656372 -0.099999994039535522
  endloop
 endfacet
 facet normal 0 0 1
  outer loop
   vertex -1.1587939262390137 -0.29715663194656372 -0.099999994039535522
   vertex -1.2736456394195557 -0.29082009196281433 -0.099999994039535522
   vertex -1.1752262115478516 -0.29897534847259521 -0.099999994039535522
  endloop
 endfacet
 facet normal 0 0 1
  outer loop
   vertex -1.1752262115478516 -0.29897534847259521 -0.099999994039535522
   vertex -1.2736456394195557 -0.29082009196281433 -0.099999994039535522
   vertex -1.191733717918396 -0.2998860776424408 -0.099999994039535522
  endloop
 endfacet
 facet normal 0 0 1
  outer loop
   vertex -1.191733717918396 -0.2998860776424408 -0.099999994039535522
   vertex -1.2736456394195557 -0.29082009196281433 -0.099999994039535522
   vertex -1.2082662582397461 -0.2998860776424408 -0.099999994039535522
  endloop
 endfacet
 facet normal 0 0 1
  outer loop
   vertex -1.2082662582397461 -0.2998860776424408 -0.099999994039535522
   vertex -1.2736456394195557 -0.29082009196281433 -0.099999994039535522
   vertex -1.2247737646102905 -0.29897534847259521 -0.099999994039535522
  endloop
 endfacet
 facet normal 0 0 1
  outer loop
   vertex -1.2247737646102905 -0.29897534847259521 -0.099999994039535522
   vertex -1.2736456394195557 -0.29082009196281433 -0.099999994039535522
   vertex -1.2412060499191284 -0.29715663194656372 -0.099999994039535522
  endloop
 endfacet
 facet normal 0 0 1
  outer loop
   vertex -1.257513165473938 -0.29443544149398804 -0.099999994039535522
   vertex -1.2412060499191284 -0.29715663194656372 -0.099999994039535522
   vertex -1.2736456394195557 -0.29082009196281433 -0.099999994039535522
  endloop
 endfacet
 facet normal 0 0 -1
  outer loop
   vertex -1.4837452173233032 -0.097409844398498535 -0.89999997615814209
   vertex -1.488680362701416 -0.081631042063236237 -0.89999997615814209
   vertex -1.4779481887817383 -0.11289281398057938 -0.89999997615814209
  endloop
 endfacet
 facet normal 0 0 -1
  outer loop
   vertex -1.4779481887817383 -0.11289281398057938 -0.89999997615814209
   vertex -1.488680362701416 -0.081631042063236237 -0.89999997615814209
   vertex -1.4713071584701538 -0.12803293764591217 -0.89999997615814209
  endloop
 endfacet
 facet normal 0 0 -1
  outer loop
   vertex -1.4713071584701538 -0.12803293764591217 -0.89999997615814209
   vertex -1.488680362701416 -0.081631042063236237 -0.89999997615814209
   vertex -1.4638421535491943 -0.14278422296047211 -0.89999997615814209
  endloop
 endfacet
 facet normal 0 0 -1
  outer loop
   vertex -1.4638421535491943 -0.14278422296047211 -0.89999997615814209
   vertex -1.488680362701416 -0.081631042063236237 -0.89999997615814209
   vertex -1.4555758237838745 -0.15710186958312988 -0.89999997615814209
  endloop
 endfacet
 facet normal 0 0 -1
  outer loop
   vertex -1.4555758237838745 -0.15710186958312988 -0.89999997615814209
   vertex -1.488680362701416 -0.081631042063236237 -0.89999997615814209
   vertex -1.4465333223342896 -0.17094241082668304 -0.89999997615814209
  endloop
 endfacet
 facet normal 0 0 -1
  outer loop
   vertex -1.4465333223342896 -0.17094241082668304 -0.89999997615814209
   vertex -1.488680362701416 -0.081631042063236237 -0.89999997615814209
   vertex -1.4367421865463257 -0.18426381051540375 -0.89999997615814209
  endloop
 endfacet
 facet normal 0 0 -1
  outer loop
   vertex -1.4367421865463257 -0.18426381051540375 -0.89999997615814209
   vertex -1.488680362701416 -0.081631042063236237 -0.89999997615814209
   vertex -1.4262319803237915 -0.1970256119966507 -0.89999997615814209
  endloop
 endfacet
 facet normal 0 0 -1
  outer loop
   vertex -1.4262319803237915 -0.1970256119966507 -0.89999997615814209
   vertex -1.488680362701416 -0.081631042063236237 -0.89999997615814209
   vertex -1.4150347709655762 -0.2091890424489975 -0.89999997615814209
  endloop
 endfacet
 facet normal 0 0 -1
  outer loop
   vertex -1.4150347709655762 -0.2091890424489975 -0.89999997615814209
   vertex -1.488680362701416 -0.081631042063236237 -0.89999997615814209
   vertex -1.4031844139099121 -0.2207171767950058 -0.89999997615814209
  endloop
 endfacet
 facet normal 0 0 -1
  outer loop
   vertex -1.4031844139099121 -0.2207171767950058 -0.89999997615814209
   vertex -1.488680362701416 -0.081631042063236237 -0.89999997615814209
   vertex -1.3907171487808228 -0.23157499730587006 -0.89999997615814209
  endloop
 endfacet
 facet normal 0 0 -1
  outer loop
   vertex -1.3907171487808228 -0.23157499730587006 -0.89999997615814209
   vertex -1.488680362701416 -0.081631042063236237 -0.89999997615814209
   vertex -1.3776705265045166 -0.24172952771186829 -0.89999997615814209
  endloop
 endfacet
 facet normal 0 0 -1
  outer loop
   vertex -1.488680362701416 -0.081631042063236237 -0.89999997615814209
   vertex -1.4927389621734619 -0.065604329109191895 -0.89999997615814209
   vertex -1.3776705265045166 -0.24172952771186829 -0.89999997615814209
  endloop
 endfacet
 facet normal 0 0 -1
  outer loop
   vertex -1.4927389621734619 -0.065604329109191895 -0.89999997615814209
   vertex -1.4959083795547485 -0.049378376454114914 -0.89999997615814209
   vertex -1.3776705265045166 -0.24172952771186829 -0.89999997615814209
  endloop
 endfacet
 facet normal 0 0 -1
  outer loop
   vertex -1.4959083795547485 -0.049378376454114914 -0.89999997615814209
   vertex -1.4981791973114014 -0.033002465963363647 -0.89999997615814209
   vertex -1.3776705265045166 -0.24172952771186829 -0.89999997615814209
  endloop
 endfacet
 facet normal 0 0 -1
  outer loop
   vertex -1.4981791973114014 -0.033002465963363647 -0.89999997615814209
   vertex -1.4995445013046265 -0.016526328399777412 -0.89999997615814209
   vertex -1.3776705265045166 -0.24172952771186829 -0.89999997615814209
  endloop
 endfacet
 facet normal 0 0 -1
  outer loop
   vertex -1.4995445013046265 -0.016526328399777412 -0.89999997615814209
   vertex -1.5 -3.5012752075634296e-17 -0.89999997615814209
   vertex -1.3776705265045166 -0.24172952771186829 -0.89999997615814209
  endloop
 endfacet
 facet normal 0 -0 -1
  outer loop
   vertex -1.5 -3.5012752075634296e-17 -0.89999997615814209
   vertex -1.4995445013046265 0.016526328399777412 -0.89999997615814209
   vertex -1.3776705265045166 -0.24172952771186829 -0.89999997615814209
  endloop
 endfacet
 facet normal 0 -0 -1
  outer loop
   vertex -1.4995445013046265 0.016526328399777412 -0.89999997615814209
   vertex -1.4981791973114014 0.033002465963363647 -0.89999997615814209
   vertex -1.3776705265045166 -0.24172952771186829 -0.89999997615814209
  endloop
 endfacet
 facet normal 0 -0 -1
  outer loop
   vertex -1.4981791973114014 0.033002465963363647 -0.89999997615814209
   vertex -1.4959083795547485 0.049378376454114914 -0.89999997615814209
   vertex -1.3776705265045166 -0.24172952771186829 -0.89999997615814209
  endloop
 endfacet
 facet normal 0 -0 -1
  outer loop
   vertex -1.4959083795547485 0.049378376454114914 -0.89999997615814209
   vertex -1.4927389621734619 0.065604329109191895 -0.89999997615814209
   vertex -1.3776705265045166 -0.24172952771186829 -0.89999997615814209
  endloop
 endfacet
 facet normal 0 -0 -1
  outer loop
   vertex -1.4927389621734619 0.065604329109191895 -0.89999997615814209
   vertex -1.488680362701416 0.081631042063236237 -0.89999997615814209
   vertex -1.3776705265045166 -0.24172952771186829 -0.89999997615814209
  endloop
 endfacet
 facet normal 0 -0 -1
  outer loop
   vertex -1.488680362701416 0.081631042063236237 -0.89999997615814209
   vertex -1.4837452173233032 0.097409844398498535 -0.89999997615814209
   vertex -1.3776705265045166 -0.24172952771186829 -0.89999997615814209
  endloop
 endfacet
 facet normal 0 -0 -1
  outer loop
   vertex -1.4837452173233032 0.097409844398498535 -0.89999997615814209
   vertex -1.4779481887817383 0.11289281398057938 -0.89999997615814209
   vertex -1.3776705265045166 -0.24172952771186829 -0.89999997615814209
  endloop
 endfacet
 facet normal 0 -0 -1
  outer loop
   vertex -1.4779481887817383 0.11289281398057938 -0.89999997615814209
   vertex -1.4713071584701538 0.12803293764591217 -0.89999997615814209
   vertex -1.3776705265045166 -0.24172952771186829 -0.89999997615814209
  endloop
 endfacet
 facet normal 0 -0 -1
  outer loop
   vertex -1.4713071584701538 0.12803293764591217 -0.89999997615814209
   vertex -1.4638421535491943 0.14278422296047211 -0.89999997615814209
   vertex -1.3776705265045166 -0.24172952771186829 -0.89999997615814209
  endloop
 endfacet
 facet normal 0 -0 -1
  outer loop
   vertex -1.4638421535491943 0.14278422296047211 -0.89999997615814209
   vertex -1.4555758237838745 0.15710186958312988 -0.89999997615814209
   vertex -1.3776705265045166 -0.24172952771186829 -0.89999997615814209
  endloop
 endfacet
 facet normal 0 -0 -1
  outer loop
   vertex -1.4555758237838745 0.15710186958312988 -0.89999997615814209
   vertex -1.4465333223342896 0.17094241082668304 -0.89999997615814209
   vertex -1.3776705265045166 -0.24172952771186829 -0.89999997615814209
  endloop
 endfacet
 facet normal 0 -0 -1
  outer loop
   vertex -1.4465333223342896 0.17094241082668304 -0.89999997615814209
   vertex -1.4367421865463257 0.18426381051540375 -0.89999997615814209
   vertex -1.3776705265045166 -0.24172952771186829 -0.89999997615814209
  endloop
 endfacet
 facet normal 0 -0 -1
  outer loop
   vertex -1.4367421865463257 0.18426381051540375 -0.89999997615814209
   vertex -1.4262319803237915 0.1970256119966507 -0.89999997615814209
   vertex -1.3776705265045166 -0.24172952771186829 -0.89999997615814209
  endloop
 endfacet
 facet normal 0 -0 -1
  outer loop
   vertex -1.4262319803237915 0.1970256119966507 -0.89999997615814209
   vertex -1.4150347709655762 0.2091890424489975 -0.89999997615814209
   vertex -1.3776705265045166 -0.24172952771186829 -0.89999997615814209
  endloop
 endfacet
 facet normal 0 -0 -1
  outer loop
   vertex -1.4150347709655762 0.2091890424489975 -0.89999997615814209
   vertex -1.4031844139099121 0.2207171767950058 -0.89999997615814209
   vertex -1.3776705265045166 -0.24172952771186829 -0.89999997615814209
  endloop
 endfacet
 facet normal 0 -0 -1
  outer loop
   vertex -1.4031844139099121 0.2207171767950058 -0.89999997615814209
   vertex -1.3907171487808228 0.23157499730587006 -0.89999997615814209
   vertex -1.3776705265045166 -0.24172952771186829 -0.89999997615814209
  endloop
 endfacet
 facet normal 0 -0 -1
  outer loop
   vertex -1.3907171487808228 0.23157499730587006 -0.89999997615814209
   vertex -1.3776705265045166 0.24172952771186829 -0.89999997615814209
   vertex -1.3776705265045166 -0.24172952771186829 -0.89999997615814209
  endloop
 endfacet
 facet normal 0 0 -1
  outer loop
   vertex -1.3776705265045166 -0.24172952771186829 -0.89999997615814209
   vertex -1.3776705265045166 0.24172952771186829 -0.89999997615814209
   vertex -1.3640844821929932 -0.25114995241165161 -0.89999997615814209
  endloop
 endfacet
 facet normal 0 0 -1
  outer loop
   vertex -1.3640844821929932 -0.25114995241165161 -0.89999997615814209
   vertex -1.3776705265045166 0.24172952771186829 -0.89999997615814209
   vertex -1.3500000238418579 -0.25980761647224426 -0.89999997615814209
  endloop
 endfacet
 facet normal 0 0 -1
  outer loop
   vertex -1.3500000238418579 -0.25980761647224426 -0.89999997615814209
   vertex -1.3776705265045166 0.24172952771186829 -0.89999997615814209
   vertex -1.3354599475860596 -0.26767626404762268 -0.89999997615814209
  endloop
 endfacet
 facet normal 0 0 -1
  outer loop
   vertex -1.3354599475860596 -0.26767626404762268 -0.89999997615814209
   vertex -1.3776705265045166 0.24172952771186829 -0.89999997615814209
   vertex -1.320508599281311 -0.27473199367523193 -0.89999997615814209
  endloop
 endfacet
 facet normal 0 0 -1
  outer loop
   vertex -1.320508599281311 -0.27473199367523193 -0.89999997615814209
   vertex -1.3776705265045166 0.24172952771186829 -0.89999997615814209
   vertex -1.3051912784576416 -0.28095337748527527 -0.89999997615814209
  endloop
 endfacet
 facet normal 0 0 -1
  outer loop
   vertex -1.3051912784576416 -0.28095337748527527 -0.89999997615814209
   vertex -1.3776705265045166 0.24172952771186829 -0.89999997615814209
   vertex -1.2895544767379761 -0.2863214910030365 -0.89999997615814209
  endloop
 endfacet
 facet normal 0 0 -1
  outer loop
   vertex -1.2895544767379761 -0.2863214910030365 -0.89999997615814209
   vertex -1.3776705265045166 0.24172952771186829 -0.89999997615814209
   vertex -1.2736456394195557 -0.29082009196281433 -0.89999997615814209
  endloop
 endfacet
 facet normal 0 0 -1
  outer loop
   vertex -1.2736456394195557 -0.29082009196281433 -0.89999997615814209
   vertex -1.3776705265045166 0.24172952771186829 -0.89999997615814209
   vertex -1.257513165473938 -0.29443544149398804 -0.89999997615814209
  endloop
 endfacet
 facet normal 0 0 -1
  outer loop
   vertex -1.257513165473938 -0.29443544149398804 -0.89999997615814209
   vertex -1.3776705265045166 0.24172952771186829 -0.89999997615814209
   vertex -1.2412060499191284 -0.29715663194656372 -0.89999997615814209
  endloop
 endfacet
 facet normal 0 0 -1
  outer loop
   vertex -1.2412060499191284 -0.29715663194656372 -0.89999997615814209
   vertex -1.3776705265045166 0.24172952771186829 -0.89999997615814209
   vertex -1.2247737646102905 -0.29897534847259521 -0.89999997615814209
  endloop
 endfacet
 facet normal 0 0 -1
  outer loop
   vertex -1.2247737646102905 -0.29897534847259521 -0.89999997615814209
   vertex -1.3776705265045166 0.24172952771186829 -0.89999997615814209
   vertex -1.2082662582397461 -0.2998860776424408 -0.89999997615814209
  endloop
 endfacet
 facet normal 0 0 -1
  outer loop
   vertex -1.2082662582397461 -0.2998860776424408 -0.89999997615814209
   vertex -1.3776705265045166 0.24172952771186829 -0.89999997615814209
   vertex -1.191733717918396 -0.2998860776424408 -0.89999997615814209
  endloop
 endfacet
 facet normal 0 0 -1
  outer loop
   vertex -1.191733717918396 -0.2998860776424408 -0.89999997615814209
   vertex -1.3776705265045166 0.24172952771186829 -0.89999997615814209
   vertex -1.1752262115478516 -0.29897534847259521 -0.89999997615814209
  endloop
 endfacet
 facet normal 0 0 -1
  outer loop
   vertex -1.1752262115478516 -0.29897534847259521 -0.89999997615814209
   vertex -1.3776705265045166 0.24172952771186829 -0.89999997615814209
   vertex -1.1587939262390137 -0.29715663194656372 -0.89999997615814209
  endloop
 endfacet
 facet normal 0 0 -1
  outer loop
   vertex -1.1587939262390137 -0.29715663194656372 -0.89999997615814209
   vertex -1.3776705265045166 0.24172952771186829 -0.89999997615814209
   vertex -1.1424868106842041 -0.29443544149398804 -0.89999997615814209
  endloop
 endfacet
 facet normal 0 0 -1
  outer loop
   vertex -1.1424868106842041 -0.29443544149398804 -0.89999997615814209
   vertex -1.3776705265045166 0.24172952771186829 -0.89999997615814209
   vertex -1.1263543367385864 -0.29082009196281433 -0.89999997615814209
  endloop
 endfacet
 facet normal 0 0 -1
  outer loop
   vertex -1.1263543367385864 -0.29082009196281433 -0.89999997615814209
   vertex -1.3776705265045166 0.24172952771186829 -0.89999997615814209
   vertex -1.110445499420166 -0.2863214910030365 -0.89999997615814209
  endloop
 endfacet
 facet normal 0 0 -1
  outer loop
   vertex -1.110445499420166 -0.2863214910030365 -0.89999997615814209
   vertex -1.3776705265045166 0.24172952771186829 -0.89999997615814209
   vertex -1.0948086977005005 -0.28095337748527527 -0.89999997615814209
  endloop
 endfacet
 facet normal 0 0 -1
  outer loop
   vertex -1.0948086977005005 -0.28095337748527527 -0.89999997615814209
   vertex -1.3776705265045166 0.24172952771186829 -0.89999997615814209
   vertex -1.0794913768768311 -0.27473199367523193 -0.89999997615814209
  endloop
 endfacet
 facet normal 0 0 -1
  outer loop
   vertex -1.0794913768768311 -0.27473199367523193 -0.89999997615814209
   vertex -1.3776705265045166 0.24172952771186829 -0.89999997615814209
   vertex -1.0645400285720825 -0.26767626404762268 -0.89999997615814209
  endloop
 endfacet
 facet normal 0 0 -1
  outer loop
   vertex -1.0645400285720825 -0.26767626404762268 -0.89999997615814209
   vertex -1.3776705265045166 0.24172952771186829 -0.89999997615814209
   vertex -1.0499999523162842 -0.25980761647224426 -0.89999997615814209
  endloop
 endfacet
 facet normal 0 0 -1
  outer loop
   vertex -1.0499999523162842 -0.25980761647224426 -0.89999997615814209
   vertex -1.3776705265045166 0.24172952771186829 -0.89999997615814209
   vertex -1.0359154939651489 -0.25114995241165161 -0.89999997615814209
  endloop
 endfacet
 facet normal 0 0 -1
  outer loop
   vertex -1.0359154939651489 -0.25114995241165161 -0.89999997615814209
   vertex -1.3776705265045166 0.24172952771186829 -0.89999997615814209
   vertex -1.0223294496536255 -0.24172952771186829 -0.89999997615814209
  endloop
 endfacet
 facet normal 0 0 -1
  outer loop
   vertex -1.0223294496536255 -0.24172952771186829 -0.89999997615814209
   vertex -1.3776705265045166 0.24172952771186829 -0.89999997615814209
   vertex -1.0092828273773193 -0.23157499730587006 -0.89999997615814209
  endloop
 endfacet
 facet normal 0 0 -1
  outer loop
   vertex -1.0092828273773193 -0.23157499730587006 -0.89999997615814209
   vertex -1.3776705265045166 0.24172952771186829 -0.89999997615814209
   vertex -0.99681550264358521 -0.2207171767950058 -0.89999997615814209
  endloop
 endfacet
 facet normal 0 0 -1
  outer loop
   vertex -0.99681550264358521 -0.2207171767950058 -0.89999997615814209
   vertex -1.3776705265045166 0.24172952771186829 -0.89999997615814209
   vertex -0.98496526479721069 -0.2091890424489975 -0.89999997615814209
  endloop
 endfacet
 facet normal 0 0 -1
  outer loop
   vertex -0.98496526479721069 -0.2091890424489975 -0.89999997615814209
   vertex -1.3776705265045166 0.24172952771186829 -0.89999997615814209
   vertex -0.97376799583435059 -0.1970256119966507 -0.89999997615814209
  endloop
 endfacet
 facet normal 0 0 -1
  outer loop
   vertex -0.97376799583435059 -0.1970256119966507 -0.89999997615814209
   vertex -1.3776705265045166 0.24172952771186829 -0.89999997615814209
   vertex -0.96325784921646118 -0.18426381051540375 -0.89999997615814209
  endloop
 endfacet
 facet normal 0 0 -1
  outer loop
   vertex -0.96325784921646118 -0.18426381051540375 -0.89999997615814209
   vertex -1.3776705265045166 0.24172952771186829 -0.89999997615814209
   vertex -0.95346665382385254 -0.17094241082668304 -0.89999997615814209
  endloop
 endfacet
 facet normal 0 0 -1
  outer loop
   vertex -0.95346665382385254 -0.17094241082668304 -0.89999997615814209
   vertex -1.3776705265045166 0.24172952771186829 -0.89999997615814209
   vertex -0.94442415237426758 -0.15710186958312988 -0.89999997615814209
  endloop
 endfacet
 facet normal 0 0 -1
  outer loop
   vertex -0.94442415237426758 -0.15710186958312988 -0.89999997615814209
   vertex -1.3776705265045166 0.24172952771186829 -0.89999997615814209
   vertex -0.93615788221359253 -0.14278422296047211 -0.89999997615814209
  endloop
 endfacet
 facet normal 0 0 -1
  outer loop
   vertex -0.93615788221359253 -0.14278422296047211 -0.89999997615814209
   vertex -1.3776705265045166 0.24172952771186829 -0.89999997615814209
   vertex -0.92869287729263306 -0.12803293764591217 -0.89999997615814209
  endloop
 endfacet
 facet normal 0 0 -1
  outer loop
   vertex -0.92869287729263306 -0.12803293764591217 -0.89999997615814209
   vertex -1.3776705265045166 0.24172952771186829 -0.89999997615814209
   vertex -0.92205178737640381 -0.11289281398057938 -0.89999997615814209
  endloop
 endfacet
 facet normal 0 0 -1
  outer loop
   vertex -0.92205178737640381 -0.11289281398057938 -0.89999997615814209
   vertex -1.3776705265045166 0.24172952771186829 -0.89999997615814209
   vertex -0.91625481843948364 -0.097409844398498535 -0.89999997615814209
  endloop
 endfacet
 facet normal 0 0 -1
  outer loop
   vertex -0.91625481843948364 -0.097409844398498535 -0.89999997615814209
   vertex -1.3776705265045166 0.24172952771186829 -0.89999997615814209
   vertex -0.91131961345672607 -0.081631042063236237 -0.89999997615814209
  endloop
 endfacet
 facet normal 0 0 -1
  outer loop
   vertex -0.91131961345672607 -0.081631042063236237 -0.89999997615814209
   vertex -1.3776705265045166 0.24172952771186829 -0.89999997615814209
   vertex -0.90726107358932495 -0.065604329109191895 -0.89999997615814209
  endloop
 endfacet
 facet normal 0 0 -1
  outer loop
   vertex -0.90726107358932495 -0.065604329109191895 -0.89999997615814209
   vertex -1.3776705265045166 0.24172952771186829 -0.89999997615814209
   vertex -0.90409159660339355 -0.049378376454114914 -0.89999997615814209
  endloop
 endfacet
 facet normal 0 0 -1
  outer loop
   vertex -0.90409159660339355 -0.049378376454114914 -0.89999997615814209
   vertex -1.3776705265045166 0.24172952771186829 -0.89999997615814209
   vertex -0.90182077884674072 -0.033002465963363647 -0.89999997615814209
  endloop
 endfacet
 facet normal 0 0 -1
  outer loop
   vertex -0.90182077884674072 -0.033002465963363647 -0.89999997615814209
   vertex -1.3776705265045166 0.24172952771186829 -0.89999997615814209
   vertex -0.9004555344581604 -0.016526328399777412 -0.89999997615814209
  endloop
 endfacet
 facet normal 0 0 -1
  outer loop
   vertex -0.9004555344581604 -0.016526328399777412 -0.89999997615814209
   vertex -1.3776705265045166 0.24172952771186829 -0.89999997615814209
   vertex -0.89999997615814209 -7.1752154344466881e-17 -0.89999997615814209
  endloop
 endfacet
 facet normal 0 0 -1
  outer loop
   vertex -0.89999997615814209 -7.1752154344466881e-17 -0.89999997615814209
   vertex -1.3776705265045166 0.24172952771186829 -0.89999997615814209
   vertex -0.9004555344581604 0.016526328399777412 -0.89999997615814209
  endloop
 endfacet
 facet normal 0 0 -1
  outer loop
   vertex -0.9004555344581604 0.016526328399777412 -0.89999997615814209
   vertex -1.3776705265045166 0.24172952771186829 -0.89999997615814209
   vertex -0.90182077884674072 0.033002465963363647 -0.89999997615814209
  endloop
 endfacet
 facet normal 0 0 -1
  outer loop
   vertex -0.90182077884674072 0.033002465963363647 -0.89999997615814209
   vertex -1.3776705265045166 0.24172952771186829 -0.89999997615814209
   vertex -0.90409159660339355 0.049378376454114914 -0.89999997615814209
  endloop
 endfacet
 facet normal 0 0 -1
  outer loop
   vertex -0.90409159660339355 0.049378376454114914 -0.89999997615814209
   vertex -1.3776705265045166 0.24172952771186829 -0.89999997615814209
   vertex -0.90726107358932495 0.065604329109191895 -0.89999997615814209
  endloop
 endfacet
 facet normal 0 0 -1
  outer loop
   vertex -0.90726107358932495 0.065604329109191895 -0.89999997615814209
   vertex -1.3776705265045166 0.24172952771186829 -0.89999997615814209
   vertex -0.91131961345672607 0.081631042063236237 -0.89999997615814209
  endloop
 endfacet
 facet normal 0 0 -1
  outer loop
   vertex -0.91131961345672607 0.081631042063236237 -0.89999997615814209
   vertex -1.3776705265045166 0.24172952771186829 -0.89999997615814209
   vertex -0.91625481843948364 0.097409844398498535 -0.89999997615814209
  endloop
 endfacet
 facet normal 0 0 -1
  outer loop
   vertex -0.91625481843948364 0.097409844398498535 -0.89999997615814209
   vertex -1.3776705265045166 0.24172952771186829 -0.89999997615814209
   vertex -0.92205178737640381 0.11289281398057938 -0.89999997615814209
  endloop
 endfacet
 facet normal 0 0 -1
  outer loop
   vertex -0.92205178737640381 0.11289281398057938 -0.89999997615814209
   vertex -1.3776705265045166 0.24172952771186829 -0.89999997615814209
   vertex -0.92869287729263306 0.12803293764591217 -0.89999997615814209
  endloop
 endfacet
 facet normal 0 0 -1
  outer loop
   vertex -0.92869287729263306 0.12803293764591217 -0.89999997615814209
   vertex -1.3776705265045166 0.24172952771186829 -0.89999997615814209
   vertex -0.93615788221359253 0.14278422296047211 -0.89999997615814209
  endloop
 endfacet
 facet normal 0 0 -1
  outer loop
   vertex -0.93615788221359253 0.14278422296047211 -0.89999997615814209
   vertex -1.3776705265045166 0.24172952771186829 -0.89999997615814209
   vertex -0.94442415237426758 0.15710186958312988 -0.89999997615814209
  endloop
 endfacet
 facet normal 0 -0 -1
  outer loop
   vertex -1.3776705265045166 0.24172952771186829 -0.89999997615814209
   vertex -1.3640844821929932 0.25114995241165161 -0.89999997615814209
   vertex -0.94442415237426758 0.15710186958312988 -0.89999997615814209
  endloop
 endfacet
 facet normal 0 0 -1
  outer loop
   vertex -0.94442415237426758 0.15710186958312988 -0.89999997615814209
   vertex -1.3640844821929932 0.25114995241165161 -0.89999997615814209
   vertex -0.95346665382385254 0.17094241082668304 -0.89999997615814209
  endloop
 endfacet
 facet normal 0 0 -1
  outer loop
   vertex -0.95346665382385254 0.17094241082668304 -0.89999997615814209
   vertex -1.3640844821929932 0.25114995241165161 -0.89999997615814209
   vertex -0.96325784921646118 0.18426381051540375 -0.89999997615814209
  endloop
 endfacet
 facet normal 0 0 -1
  outer loop
   vertex -0.96325784921646118 0.18426381051540375 -0.89999997615814209
   vertex -1.3640844821929932 0.25114995241165161 -0.89999997615814209
   vertex -0.97376799583435059 0.1970256119966507 -0.89999997615814209
  endloop
 endfacet
 facet normal 0 0 -1
  outer loop
   vertex -0.97376799583435059 0.1970256119966507 -0.89999997615814209
   vertex -1.3640844821929932 0.25114995241165161 -0.89999997615814209
   vertex -0.98496526479721069 0.2091890424489975 -0.89999997615814209
  endloop
 endfacet
 facet normal 0 0 -1
  outer loop
   vertex -0.98496526479721069 0.2091890424489975 -0.89999997615814209
   vertex -1.3640844821929932 0.25114995241165161 -0.89999997615814209
   vertex -0.99681550264358521 0.2207171767950058 -0.89999997615814209
  endloop
 endfacet
 facet normal 0 0 -1
  outer loop
   vertex -0.99681550264358521 0.2207171767950058 -0.89999997615814209
   vertex -1.3640844821929932 0.25114995241165161 -0.89999997615814209
   vertex -1.0092828273773193 0.23157499730587006 -0.89999997615814209
  endloop
 endfacet
 facet normal 0 0 -1
  outer loop
   vertex -1.0092828273773193 0.23157499730587006 -0.89999997615814209
   vertex -1.3640844821929932 0.25114995241165161 -0.89999997615814209
   vertex -1.0223294496536255 0.24172952771186829 -0.89999997615814209
  endloop
 endfacet
 facet normal 0 0 -1
  outer loop
   vertex -1.0223294496536255 0.24172952771186829 -0.89999997615814209
   vertex -1.3640844821929932 0.25114995241165161 -0.89999997615814209
   vertex -1.0359154939651489 0.25114995241165161 -0.89999997615814209
  endloop
 endfacet
 facet normal 0 0 -1
  outer loop
   vertex -1.0359154939651489 0.25114995241165161 -0.89999997615814209
   vertex -1.3640844821929932 0.25114995241165161 -0.89999997615814209
   vertex -1.0499999523162842 0.25980761647224426 -0.89999997615814209
  endloop
 endfacet
 facet normal 0 0 -1
  outer loop
   vertex -1.0499999523162842 0.25980761647224426 -0.89999997615814209
   vertex -1.3640844821929932 0.25114995241165161 -0.89999997615814209
   vertex -1.0645400285720825 0.26767626404762268 -0.89999997615814209
  endloop
 endfacet
 facet normal 0 0 -1
  outer loop
   vertex -1.0645400285720825 0.26767626404762268 -0.89999997615814209
   vertex -1.3640844821929932 0.25114995241165161 -0.89999997615814209
   vertex -1.0794913768768311 0.27473199367523193 -0.89999997615814209
  endloop
 endfacet
 facet normal 0 0 -1
  outer loop
   vertex -1.0794913768768311 0.27473199367523193 -0.89999997615814209
   vertex -1.3640844821929932 0.25114995241165161 -0.89999997615814209
   vertex -1.0948086977005005 0.28095337748527527 -0.89999997615814209
  endloop
 endfacet
 facet normal 0 -0 -1
  outer loop
   vertex -1.3640844821929932 0.25114995241165161 -0.89999997615814209
   vertex -1.3500000238418579 0.25980761647224426 -0.89999997615814209
   vertex -1.0948086977005005 0.28095337748527527 -0.89999997615814209
  endloop
 endfacet
 facet normal 0 -0 -1
  outer loop
   vertex -1.3500000238418579 0.25980761647224426 -0.89999997615814209
   vertex -1.3354599475860596 0.26767626404762268 -0.89999997615814209
   vertex -1.0948086977005005 0.28095337748527527 -0.89999997615814209
  endloop
 endfacet
 facet normal 0 -0 -1
  outer loop
   vertex -1.3354599475860596 0.26767626404762268 -0.89999997615814209
   vertex -1.320508599281311 0.27473199367523193 -0.89999997615814209
   vertex -1.0948086977005005 0.28095337748527527 -0.89999997615814209
  endloop
 endfacet
 facet normal 0 -0 -1
  outer loop
   vertex -1.320508599281311 0.27473199367523193 -0.89999997615814209
   vertex -1.3051912784576416 0.28095337748527527 -0.89999997615814209
   vertex -1.0948086977005005 0.28095337748527527 -0.89999997615814209
  endloop
 endfacet
 facet normal 0 0 -1
  outer loop
   vertex -1.0948086977005005 0.28095337748527527 -0.89999997615814209
   vertex -1.3051912784576416 0.28095337748527527 -0.89999997615814209
   vertex -1.110445499420166 0.2863214910030365 -0.89999997615814209
  endloop
 endfacet
 facet normal 0 0 -1
  outer loop
   vertex -1.110445499420166 0.2863214910030365 -0.89999997615814209
   vertex -1.3051912784576416 0.28095337748527527 -0.89999997615814209
   vertex -1.1263543367385864 0.29082009196281433 -0.89999997615814209
  endloop
 endfacet
 facet normal 0 -0 -1
  outer loop
   vertex -1.3051912784576416 0.28095337748527527 -0.89999997615814209
   vertex -1.2895544767379761 0.2863214910030365 -0.89999997615814209
   vertex -1.1263543367385864 0.29082009196281433 -0.89999997615814209
  endloop
 endfacet
 facet normal 0 -0 -1
  outer loop
   vertex -1.2895544767379761 0.2863214910030365 -0.89999997615814209
   vertex -1.2736456394195557 0.29082009196281433 -0.89999997615814209
   vertex -1.1263543367385864 0.29082009196281433 -0.89999997615814209
  endloop
 endfacet
 facet normal 0 0 -1
  outer loop
   vertex -1.1263543367385864 0.29082009196281433 -0.89999997615814209
   vertex -1.2736456394195557 0.29082009196281433 -0.89999997615814209
   vertex -1.1424868106842041 0.29443544149398804 -0.89999997615814209
  endloop
 endfacet
 facet normal 0 0 -1
  outer loop
   vertex -1.1424868106842041 0.29443544149398804 -0.89999997615814209
   vertex -1.2736456394195557 0.29082009196281433 -0.89999997615814209
   vertex -1.1587939262390137 0.29715663194656372 -0.89999997615814209
  endloop
 endfacet
 facet normal 0 0 -1
  outer loop
   vertex -1.1587939262390137 0.29715663194656372 -0.89999997615814209
   vertex -1.2736456394195557 0.29082009196281433 -0.89999997615814209
   vertex -1.1752262115478516 0.29897534847259521 -0.89999997615814209
  endloop
 endfacet
 facet normal 0 0 -1
  outer loop
   vertex -1.1752262115478516 0.29897534847259521 -0.89999997615814209
   vertex -1.2736456394195557 0.29082009196281433 -0.89999997615814209
   vertex -1.191733717918396 0.2998860776424408 -0.89999997615814209
  endloop
 endfacet
 facet normal 0 0 -1
  outer loop
   vertex -1.191733717918396 0.2998860776424408 -0.89999997615814209
   vertex -1.2736456394195557 0.29082009196281433 -0.89999997615814209
   vertex -1.2082662582397461 0.2998860776424408 -0.89999997615814209
  endloop
 endfacet
 facet normal 0 0 -1
  outer loop
   vertex -1.2082662582397461 0.2998860776424408 -0.89999997615814209
   vertex -1.2736456394195557 0.29082009196281433 -0.89999997615814209
   vertex -1.2247737646102905 0.29897534847259521 -0.89999997615814209
  endloop
 endfacet
 facet normal 0 0 -1
  outer loop
   vertex -1.2247737646102905 0.29897534847259521 -0.89999997615814209
   vertex -1.2736456394195557 0.29082009196281433 -0.89999997615814209
   vertex -1.2412060499191284 0.29715663194656372 -0.89999997615814209
  endloop
 endfacet
 facet normal 0 0 -1
  outer loop
   vertex -1.257513165473938 0.29443544149398804 -0.89999997615814209
   vertex -1.2412060499191284 0.29715663194656372 -0.89999997615814209
   vertex -1.2736456394195557 0.29082009196281433 -0.89999997615814209
  endloop
 endfacet
endsolid
